Catalyst,MTW,MFS,Cu,pH,Catalyst dosage (g/L),[C0] MO (mg/L),"[C0] 2,4-DCP (mg/L)",H2O2 (mM),Time (min),DE%,XGB,catb,ET,gbr,lgb,RF
MTW,1,0,0,5.5,0.2,0,40.0,5.0,0,0.0,-0.1099999994039535,-0.35,0.0,-1.24,-0.01,0.0
MTW,1,0,0,5.5,0.2,0,40.0,5.0,30,12.95,13.029999732971191,12.75,12.77,12.86,11.44,12.95
MTW,1,0,0,5.5,0.2,0,40.0,5.0,60,36.68,33.970001220703125,33.63,34.29,33.65,31.72,34.05
MTW,1,0,0,5.5,0.2,0,40.0,5.0,90,55.21,44.630001068115234,45.27,42.68,45.24,40.74,43.56
MTW,1,0,0,5.5,0.2,0,40.0,5.0,120,68.47,62.43000030517578,60.91,61.66,60.07,55.93,60.48
MTW,1,0,0,5.5,0.2,0,40.0,5.0,150,79.87,72.93000030517578,72.55,72.26,73.69,66.65,72.33
MTW,1,0,0,5.5,0.2,0,40.0,5.0,180,85.24,77.47000122070312,77.22,77.04,77.39,76.93,77.21
MTW,1,0,0,5.5,1.0,0,40.0,5.0,0,0.0,-0.1899999976158142,-0.4,0.0,-0.29,-0.12,0.0
MTW,1,0,0,5.5,1.0,0,40.0,5.0,30,14.85,13.630000114440918,14.44,14.36,16.07,14.64,13.77
MTW,1,0,0,5.5,1.0,0,40.0,5.0,60,24.88,25.959999084472656,25.93,24.88,27.68,24.95,28.49
MTW,1,0,0,5.5,1.0,0,40.0,5.0,90,32.94,31.979999542236328,32.75,32.94,32.42,24.36,35.3
MTW,1,0,0,5.5,1.0,0,40.0,5.0,120,44.82,45.09999847412109,45.46,44.82,44.57,30.88,46.72
MTW,1,0,0,5.5,1.0,0,40.0,5.0,150,58.26,58.27999877929688,57.43,58.26,57.33,57.75,60.68
MTW,1,0,0,5.5,1.0,0,40.0,5.0,180,62.13,53.29999923706055,58.91,56.7,56.21,19.81,64.62
MTW,1,0,0,5.5,2.0,0,40.0,5.0,0,0.0,0.0399999991059303,0.19,0.0,-0.59,-0.12,0.0
MTW,1,0,0,5.5,2.0,0,40.0,5.0,30,14.46,14.5600004196167,14.49,14.46,15.19,14.64,14.97
MTW,1,0,0,5.5,2.0,0,40.0,5.0,60,15.1,21.739999771118164,18.08,24.32,17.58,24.95,23.06
MTW,1,0,0,5.5,2.0,0,40.0,5.0,90,15.93,15.789999961853027,15.68,15.93,15.4,24.36,20.48
MTW,1,0,0,5.5,2.0,0,40.0,5.0,120,16.79,16.81999969482422,16.49,16.79,17.38,30.88,23.32
MTW,1,0,0,5.5,2.0,0,40.0,5.0,150,18.94,26.520000457763672,23.6,26.22,25.13,57.75,35.51
MTW,1,0,0,5.5,2.0,0,40.0,5.0,180,19.4,19.479999542236328,19.71,19.4,20.76,19.81,35.7
MTW,1,0,0,5.5,0.2,0,20.0,5.0,0,0.0,0.2199999988079071,0.47,0.0,1.81,0.13,0.0
MTW,1,0,0,5.5,0.2,0,20.0,5.0,30,21.14,21.07999992370605,21.21,21.14,19.73,21.25,17.69
MTW,1,0,0,5.5,0.2,0,20.0,5.0,60,42.21,47.02000045776367,46.28,54.03,50.01,52.26,50.24
MTW,1,0,0,5.5,0.2,0,20.0,5.0,90,60.75,59.91999816894531,59.8,60.75,61.15,59.68,58.34
MTW,1,0,0,5.5,0.2,0,20.0,5.0,120,67.96,68.8499984741211,68.93,67.96,69.71,69.05,67.52
MTW,1,0,0,5.5,0.2,0,20.0,5.0,150,77.88,77.76000213623047,77.19,77.88,77.71,77.48,76.6
MTW,1,0,0,5.5,0.2,0,20.0,5.0,180,80.38,80.41000366210938,80.69,80.38,79.89,80.65,80.0
MTW,1,0,0,5.5,0.2,0,40.0,5.0,0,0.0,-0.1099999994039535,-0.35,0.0,-1.24,-0.01,0.0
MTW,1,0,0,5.5,0.2,0,40.0,5.0,30,12.58,13.029999732971191,12.75,12.77,12.86,11.44,12.95
MTW,1,0,0,5.5,0.2,0,40.0,5.0,60,33.1,33.970001220703125,33.63,34.29,33.65,31.72,34.05
MTW,1,0,0,5.5,0.2,0,40.0,5.0,90,42.68,44.630001068115234,45.27,42.68,45.24,40.74,43.56
MTW,1,0,0,5.5,0.2,0,40.0,5.0,120,54.85,62.43000030517578,60.91,61.66,60.07,55.93,60.48
MTW,1,0,0,5.5,0.2,0,40.0,5.0,150,64.64,72.93000030517578,72.55,72.26,73.69,66.65,72.33
MTW,1,0,0,5.5,0.2,0,40.0,5.0,180,72.94,77.47000122070312,77.22,77.04,77.39,76.93,77.21
MTW,1,0,0,5.5,0.2,0,60.0,5.0,0,0.0,1.0800000429153442,0.82,0.0,-0.55,-0.01,0.0
MTW,1,0,0,5.5,0.2,0,60.0,5.0,30,8.96,9.039999961853027,9.02,8.96,9.66,11.44,8.35
MTW,1,0,0,5.5,0.2,0,60.0,5.0,60,24.47,24.520000457763672,24.64,24.47,24.42,31.72,25.94
MTW,1,0,0,5.5,0.2,0,60.0,5.0,90,37.09,36.16999816894531,36.79,37.09,34.9,40.74,37.96
MTW,1,0,0,5.5,0.2,0,60.0,5.0,120,45.96,47.040000915527344,46.03,45.96,45.77,55.93,46.69
MTW,1,0,0,5.5,0.2,0,60.0,5.0,150,54.79,55.63999938964844,54.82,54.79,55.15,66.65,55.45
MTW,1,0,0,5.5,0.2,0,60.0,5.0,180,62.46,60.11000061035156,60.95,65.91,59.57,76.93,58.81
MTW,1,0,0,5.5,0.2,0,40.0,0.5,0,0.0,0.1700000017881393,0.36,0.0,0.46,0.26,0.0
MTW,1,0,0,5.5,0.2,0,40.0,0.5,30,12.35,12.34000015258789,12.49,12.35,12.41,12.37,11.94
MTW,1,0,0,5.5,0.2,0,40.0,0.5,60,17.63,17.450000762939453,17.08,17.63,17.55,17.33,16.88
MTW,1,0,0,5.5,0.2,0,40.0,0.5,90,21.44,21.13999938964844,20.95,21.44,20.64,21.5,20.98
MTW,1,0,0,5.5,0.2,0,40.0,0.5,120,24.64,25.190000534057617,24.61,24.64,23.93,24.75,25.08
MTW,1,0,0,5.5,0.2,0,40.0,0.5,150,26.91,26.40999984741211,27.37,28.51,27.48,27.81,27.81
MTW,1,0,0,5.5,0.2,0,40.0,0.5,180,29.19,30.100000381469727,29.53,29.19,29.86,29.25,30.81
MTW,1,0,0,5.5,0.2,0,40.0,2.0,0,0.0,-0.2800000011920929,-0.57,0.0,-0.42,-0.13,0.0
MTW,1,0,0,5.5,0.2,0,40.0,2.0,30,11.27,12.56999969482422,10.87,13.78,13.12,13.75,13.35
MTW,1,0,0,5.5,0.2,0,40.0,2.0,60,18.12,19.0,19.52,18.12,18.84,18.77,20.29
MTW,1,0,0,5.5,0.2,0,40.0,2.0,90,22.68,22.280000686645508,22.38,22.68,25.74,21.94,24.02
MTW,1,0,0,5.5,0.2,0,40.0,2.0,120,27.07,27.6299991607666,27.68,27.07,27.82,27.46,28.39
MTW,1,0,0,5.5,0.2,0,40.0,2.0,150,33.53,33.41999816894531,33.84,33.53,33.3,33.44,32.57
MTW,1,0,0,5.5,0.2,0,40.0,2.0,180,41.01,41.040000915527344,39.49,41.01,39.5,40.87,38.31
MTW,1,0,0,5.5,0.2,0,40.0,5.0,0,0.0,-0.1099999994039535,-0.35,0.0,-1.24,-0.01,0.0
MTW,1,0,0,5.5,0.2,0,40.0,5.0,30,12.58,13.029999732971191,12.75,12.77,12.86,11.44,12.95
MTW,1,0,0,5.5,0.2,0,40.0,5.0,60,33.1,33.970001220703125,33.63,34.29,33.65,31.72,34.05
MTW,1,0,0,5.5,0.2,0,40.0,5.0,90,42.68,44.630001068115234,45.27,42.68,45.24,40.74,43.56
MTW,1,0,0,5.5,0.2,0,40.0,5.0,120,54.85,62.43000030517578,60.91,61.66,60.07,55.93,60.48
MTW,1,0,0,5.5,0.2,0,40.0,5.0,150,64.64,72.93000030517578,72.55,72.26,73.69,66.65,72.33
MTW,1,0,0,5.5,0.2,0,40.0,5.0,180,72.94,77.47000122070312,77.22,77.04,77.39,76.93,77.21
MFS,0,1,0,5.5,0.2,0,40.0,5.0,0,0.0,-0.1000000014901161,-0.11,0.0,0.12,-0.06,0.0
MFS,0,1,0,5.5,0.2,0,40.0,5.0,30,12.95,12.93000030517578,13.6,12.95,13.2,9.01,13.31
MFS,0,1,0,5.5,0.2,0,40.0,5.0,60,36.69,37.290000915527344,37.85,36.69,38.19,31.96,37.0
MFS,0,1,0,5.5,0.2,0,40.0,5.0,90,55.21,54.81999969482422,54.85,55.21,53.7,54.35,53.88
MFS,0,1,0,5.5,0.2,0,40.0,5.0,120,68.47,68.72000122070312,68.44,68.47,68.43,62.88,68.31
MFS,0,1,0,5.5,0.2,0,40.0,5.0,150,79.88,79.68000030517578,79.73,79.88,80.39,73.61,79.79
MFS,0,1,0,5.5,0.2,0,40.0,5.0,180,85.25,85.4000015258789,84.87,85.25,85.19,85.32,84.7
MFS,0,1,0,5.5,1.0,0,40.0,5.0,0,0.0,0.0,0.11,0.0,0.23,0.19,0.0
MFS,0,1,0,5.5,1.0,0,40.0,5.0,30,14.86,15.050000190734863,15.41,14.86,16.5,16.05,14.24
MFS,0,1,0,5.5,1.0,0,40.0,5.0,60,35.68,35.08000183105469,34.72,35.68,34.86,34.29,34.24
MFS,0,1,0,5.5,1.0,0,40.0,5.0,90,47.07,47.4900016784668,46.31,47.07,46.05,44.25,45.81
MFS,0,1,0,5.5,1.0,0,40.0,5.0,120,57.34,58.54999923706055,57.35,51.83,57.48,49.53,55.59
MFS,0,1,0,5.5,1.0,0,40.0,5.0,150,68.65,68.66000366210938,69.25,68.65,70.49,67.01,68.47
MFS,0,1,0,5.5,1.0,0,40.0,5.0,180,75.04,74.95999908447266,75.07,75.04,74.84,72.68,73.51
MFS,0,1,0,5.5,2.0,0,40.0,5.0,0,0.0,0.2800000011920929,0.07,0.0,0.05,0.19,0.0
MFS,0,1,0,5.5,2.0,0,40.0,5.0,30,17.47,17.190000534057617,17.03,17.47,16.33,16.05,16.37
MFS,0,1,0,5.5,2.0,0,40.0,5.0,60,33.0,33.08000183105469,33.15,33.0,33.23,34.29,32.62
MFS,0,1,0,5.5,2.0,0,40.0,5.0,90,41.34,41.2599983215332,41.94,41.34,42.95,44.25,38.4
MFS,0,1,0,5.5,2.0,0,40.0,5.0,120,49.11,48.16999816894531,55.37,48.45,48.38,49.53,46.66
MFS,0,1,0,5.5,2.0,0,40.0,5.0,150,65.06,64.81999969482422,65.09,65.06,64.54,67.01,63.46
MFS,0,1,0,5.5,2.0,0,40.0,5.0,180,70.68,70.58999633789062,70.52,70.68,69.25,72.68,65.22
MFS,0,1,0,5.5,0.2,0,20.0,5.0,0,0.0,2.809999942779541,3.3,0.49,1.74,4.34,0.0
MFS,0,1,0,5.5,0.2,0,20.0,5.0,30,35.1,23.82999992370605,24.59,21.44,18.46,21.05,17.49
MFS,0,1,0,5.5,0.2,0,20.0,5.0,60,54.33,53.15999984741211,53.07,54.33,53.4,53.95,52.12
MFS,0,1,0,5.5,0.2,0,20.0,5.0,90,67.8,68.66999816894531,68.27,67.8,67.61,69.03,62.94
MFS,0,1,0,5.5,0.2,0,20.0,5.0,120,77.41,76.69999694824219,76.57,77.41,76.03,76.44,74.29
MFS,0,1,0,5.5,0.2,0,20.0,5.0,150,82.19,82.66999816894531,82.98,82.19,82.71,82.41,81.64
MFS,0,1,0,5.5,0.2,0,20.0,5.0,180,87.02,86.9000015258789,87.03,87.02,86.81,86.84,85.93
MFS,0,1,0,5.5,0.2,0,40.0,5.0,0,0.0,-0.1000000014901161,-0.11,0.0,0.12,-0.06,0.0
MFS,0,1,0,5.5,0.2,0,40.0,5.0,30,12.95,12.93000030517578,13.6,12.95,13.2,9.01,13.31
MFS,0,1,0,5.5,0.2,0,40.0,5.0,60,36.69,37.290000915527344,37.85,36.69,38.19,31.96,37.0
MFS,0,1,0,5.5,0.2,0,40.0,5.0,90,55.21,54.81999969482422,54.85,55.21,53.7,54.35,53.88
MFS,0,1,0,5.5,0.2,0,40.0,5.0,120,68.47,68.72000122070312,68.44,68.47,68.43,62.88,68.31
MFS,0,1,0,5.5,0.2,0,40.0,5.0,150,79.88,79.68000030517578,79.73,79.88,80.39,73.61,79.79
MFS,0,1,0,5.5,0.2,0,40.0,5.0,180,85.25,85.4000015258789,84.87,85.25,85.19,85.32,84.7
MFS,0,1,0,5.5,0.2,0,60.0,5.0,0,0.0,-0.1299999952316284,0.11,0.0,-0.69,-0.06,0.0
MFS,0,1,0,5.5,0.2,0,60.0,5.0,30,5.08,4.96999979019165,4.75,5.08,5.1,9.01,6.68
MFS,0,1,0,5.5,0.2,0,60.0,5.0,60,21.65,22.049999237060547,21.62,21.65,23.21,31.96,25.99
MFS,0,1,0,5.5,0.2,0,60.0,5.0,90,34.23,39.43000030517578,37.28,49.06,35.08,54.35,45.42
MFS,0,1,0,5.5,0.2,0,60.0,5.0,120,44.92,44.86000061035156,45.05,44.92,46.13,62.88,49.02
MFS,0,1,0,5.5,0.2,0,60.0,5.0,150,55.07,54.9900016784668,55.05,55.07,54.88,73.61,57.1
MFS,0,1,0,5.5,0.2,0,60.0,5.0,180,62.13,61.25,62.12,70.16,60.86,85.32,60.88
MFS,0,1,0,5.5,0.2,0,40.0,0.5,0,0.0,-0.2899999916553497,-0.24,0.0,0.29,-0.31,0.0
MFS,0,1,0,5.5,0.2,0,40.0,0.5,30,11.18,11.40999984741211,11.11,11.18,11.39,11.14,11.65
MFS,0,1,0,5.5,0.2,0,40.0,0.5,60,17.82,18.0,18.41,17.82,19.43,18.0,18.03
MFS,0,1,0,5.5,0.2,0,40.0,0.5,90,20.01,24.489999771118164,24.46,22.96,24.2,23.88,22.63
MFS,0,1,0,5.5,0.2,0,40.0,0.5,120,26.85,27.020000457763672,27.02,26.85,27.47,26.75,26.29
MFS,0,1,0,5.5,0.2,0,40.0,0.5,150,30.54,30.200000762939453,29.99,30.54,29.94,30.5,29.41
MFS,0,1,0,5.5,0.2,0,40.0,0.5,180,31.69,33.61000061035156,33.4,30.53,34.57,33.0,32.37
MFS,0,1,0,5.5,0.2,0,40.0,2.0,0,0.0,0.4900000095367431,0.57,0.0,1.02,0.32,0.0
MFS,0,1,0,5.5,0.2,0,40.0,2.0,30,15.08,14.81999969482422,14.57,15.08,13.81,15.13,13.72
MFS,0,1,0,5.5,0.2,0,40.0,2.0,60,28.35,27.51000022888184,26.81,28.35,23.35,27.74,24.81
MFS,0,1,0,5.5,0.2,0,40.0,2.0,90,31.93,32.220001220703125,32.02,31.93,32.68,32.46,29.33
MFS,0,1,0,5.5,0.2,0,40.0,2.0,120,34.1,33.79999923706055,34.63,34.1,34.54,33.88,32.27
MFS,0,1,0,5.5,0.2,0,40.0,2.0,150,37.31,38.06999969482422,39.63,33.83,36.36,38.88,34.1
MFS,0,1,0,5.5,0.2,0,40.0,2.0,180,41.41,41.630001068115234,42.25,41.41,42.53,41.55,39.83
MFS,0,1,0,5.5,0.2,0,40.0,5.0,0,0.0,-0.1000000014901161,-0.11,0.0,0.12,-0.06,0.0
MFS,0,1,0,5.5,0.2,0,40.0,5.0,30,12.95,12.93000030517578,13.6,12.95,13.2,9.01,13.31
MFS,0,1,0,5.5,0.2,0,40.0,5.0,60,36.69,37.290000915527344,37.85,36.69,38.19,31.96,37.0
MFS,0,1,0,5.5,0.2,0,40.0,5.0,90,55.21,54.81999969482422,54.85,55.21,53.7,54.35,53.88
MFS,0,1,0,5.5,0.2,0,40.0,5.0,120,68.47,68.72000122070312,68.44,68.47,68.43,62.88,68.31
MFS,0,1,0,5.5,0.2,0,40.0,5.0,150,79.88,79.68000030517578,79.73,79.88,80.39,73.61,79.79
MFS,0,1,0,5.5,0.2,0,40.0,5.0,180,85.25,85.4000015258789,84.87,85.25,85.19,85.32,84.7
MTW,1,0,0,2.0,0.2,10,0.0,0.5,0,0.0,-0.1500000059604644,-0.23,0.0,-0.14,-0.02,0.0
MTW,1,0,0,2.0,0.2,10,0.0,0.5,20,15.88,16.149999618530273,16.37,15.88,16.97,16.0,19.07
MTW,1,0,0,2.0,0.2,10,0.0,0.5,40,25.78,26.549999237060547,26.03,25.78,26.6,25.85,29.58
MTW,1,0,0,2.0,0.2,10,0.0,0.5,60,35.53,35.41999816894531,35.24,35.53,34.86,35.43,34.53
MTW,1,0,0,2.0,0.2,10,0.0,0.5,80,48.65,48.02000045776367,47.76,48.65,46.82,48.6,45.92
MTW,1,0,0,2.0,0.2,10,0.0,0.5,100,53.64,53.70000076293945,54.19,53.64,52.6,53.67,50.64
MTW,1,0,0,2.0,0.2,10,0.0,0.5,120,63.15,57.79999923706055,60.68,47.28,55.39,55.95,52.29
MTW,1,0,0,2.0,0.2,10,0.0,0.5,140,67.6,66.91000366210938,66.87,67.6,66.5,67.67,62.42
MTW,1,0,0,2.0,0.2,10,0.0,0.5,160,72.05,68.88999938964844,69.32,62.53,65.59,66.47,63.97
MTW,1,0,0,2.0,0.2,10,0.0,0.5,180,72.67,72.5,72.47,72.67,71.88,72.39,70.93
MTW,1,0,0,2.0,0.2,10,0.0,0.5,200,73.28,73.44000244140625,73.55,73.28,72.44,73.52,71.02
MTW,1,0,0,3.0,0.2,10,0.0,0.5,0,0.0,0.3799999952316284,0.66,0.0,0.62,0.38,0.0
MTW,1,0,0,3.0,0.2,10,0.0,0.5,20,37.56,36.20000076293945,35.69,37.56,34.77,37.17,36.55
MTW,1,0,0,3.0,0.2,10,0.0,0.5,40,46.39,45.66999816894531,46.01,46.39,44.23,46.47,45.97
MTW,1,0,0,3.0,0.2,10,0.0,0.5,60,52.93,53.540000915527344,53.69,52.93,53.89,53.03,53.32
MTW,1,0,0,3.0,0.2,10,0.0,0.5,80,59.19,59.75,59.49,59.19,60.33,59.18,59.82
MTW,1,0,0,3.0,0.2,10,0.0,0.5,100,64.43,64.94000244140625,64.53,64.43,66.3,64.37,64.87
MTW,1,0,0,3.0,0.2,10,0.0,0.5,120,67.47,68.02999877929688,68.03,67.47,68.72,67.44,67.51
MTW,1,0,0,3.0,0.2,10,0.0,0.5,140,70.97,72.23999786376953,72.04,70.97,73.63,71.05,71.9
MTW,1,0,0,3.0,0.2,10,0.0,0.5,160,76.22,75.98999786376953,75.61,76.22,77.24,76.08,76.27
MTW,1,0,0,3.0,0.2,10,0.0,0.5,180,77.78,78.6500015258789,78.08,77.78,80.22,78.22,78.25
MTW,1,0,0,3.0,0.2,10,0.0,0.5,200,80.82,80.73999786376953,80.32,80.82,81.21,80.13,80.3
MTW,1,0,0,5.0,0.2,10,0.0,0.5,0,0.0,-0.7300000190734863,-1.14,0.0,0.01,-0.21,0.0
MTW,1,0,0,5.0,0.2,10,0.0,0.5,20,4.78,5.0,5.16,4.78,4.61,4.81,4.38
MTW,1,0,0,5.0,0.2,10,0.0,0.5,40,9.02,8.789999961853027,9.73,9.02,8.64,8.96,9.08
MTW,1,0,0,5.0,0.2,10,0.0,0.5,60,10.48,11.470000267028809,10.48,10.48,10.8,10.49,11.44
MTW,1,0,0,5.0,0.2,10,0.0,0.5,80,13.13,12.829999923706056,12.69,13.13,12.33,13.13,13.56
MTW,1,0,0,5.0,0.2,10,0.0,0.5,100,17.51,17.329999923706055,16.9,17.51,15.88,17.6,18.0
MTW,1,0,0,5.0,0.2,10,0.0,0.5,120,19.23,18.81999969482422,18.15,21.25,19.44,20.31,21.14
MTW,1,0,0,5.0,0.2,10,0.0,0.5,140,22.82,21.13999938964844,21.33,22.82,21.53,22.69,22.93
MTW,1,0,0,5.0,0.2,10,0.0,0.5,160,23.61,24.11000061035156,24.39,23.61,23.44,23.82,24.36
MTW,1,0,0,5.0,0.2,10,0.0,0.5,180,27.33,26.809999465942383,26.57,27.33,26.95,26.39,27.67
MTW,1,0,0,5.0,0.2,10,0.0,0.5,200,28.79,29.71999931335449,29.6,28.79,32.02,29.69,31.61
MTW,1,0,0,9.0,0.2,10,0.0,0.5,0,0.0,-0.2199999988079071,-0.26,0.0,-0.0,-0.46,0.0
MTW,1,0,0,9.0,0.2,10,0.0,0.5,20,3.52,3.869999885559082,4.28,3.52,4.71,3.67,3.88
MTW,1,0,0,9.0,0.2,10,0.0,0.5,40,6.93,7.829999923706055,9.23,7.78,8.91,7.77,8.51
MTW,1,0,0,9.0,0.2,10,0.0,0.5,60,9.72,9.380000114440918,9.41,9.72,10.06,9.72,9.87
MTW,1,0,0,9.0,0.2,10,0.0,0.5,80,11.42,11.350000381469728,11.49,11.42,11.7,11.49,11.83
MTW,1,0,0,9.0,0.2,10,0.0,0.5,100,14.95,14.630000114440918,14.76,14.95,14.29,14.99,15.5
MTW,1,0,0,9.0,0.2,10,0.0,0.5,120,16.53,16.049999237060547,15.75,16.53,16.49,16.36,16.76
MTW,1,0,0,9.0,0.2,10,0.0,0.5,140,17.86,18.21999931335449,18.79,17.86,17.38,17.87,18.03
MTW,1,0,0,9.0,0.2,10,0.0,0.5,160,20.42,19.950000762939453,20.11,20.42,18.95,20.34,20.33
MTW,1,0,0,9.0,0.2,10,0.0,0.5,180,21.27,21.530000686645508,21.81,21.27,20.39,21.98,22.34
MTW,1,0,0,9.0,0.2,10,0.0,0.5,200,25.03,24.350000381469727,24.57,25.03,23.71,24.36,24.92
MTW,1,0,0,3.0,0.2,10,0.0,0.5,0,0.0,0.3799999952316284,0.66,0.0,0.62,0.38,0.0
MTW,1,0,0,3.0,0.2,10,0.0,0.5,20,37.56,36.20000076293945,35.69,37.56,34.77,37.17,36.55
MTW,1,0,0,3.0,0.2,10,0.0,0.5,40,46.39,45.66999816894531,46.01,46.39,44.23,46.47,45.97
MTW,1,0,0,3.0,0.2,10,0.0,0.5,60,52.93,53.540000915527344,53.69,52.93,53.89,53.03,53.32
MTW,1,0,0,3.0,0.2,10,0.0,0.5,80,59.19,59.75,59.49,59.19,60.33,59.18,59.82
MTW,1,0,0,3.0,0.2,10,0.0,0.5,100,64.43,64.94000244140625,64.53,64.43,66.3,64.37,64.87
MTW,1,0,0,3.0,0.2,10,0.0,0.5,120,67.47,68.02999877929688,68.03,67.47,68.72,67.44,67.51
MTW,1,0,0,3.0,0.2,10,0.0,0.5,140,70.97,72.23999786376953,72.04,70.97,73.63,71.05,71.9
MTW,1,0,0,3.0,0.2,10,0.0,0.5,160,76.22,75.98999786376953,75.61,76.22,77.24,76.08,76.27
MTW,1,0,0,3.0,0.2,10,0.0,0.5,180,77.78,78.6500015258789,78.08,77.78,80.22,78.22,78.25
MTW,1,0,0,3.0,0.2,10,0.0,0.5,200,80.82,80.73999786376953,80.32,80.82,81.21,80.13,80.3
MTW,1,0,0,3.0,0.4,10,0.0,0.5,0,0.0,-0.7900000214576721,-0.75,0.0,-0.56,-0.71,0.0
MTW,1,0,0,3.0,0.4,10,0.0,0.5,20,27.68,29.11000061035156,29.39,27.68,32.36,28.15,29.09
MTW,1,0,0,3.0,0.4,10,0.0,0.5,40,47.16,47.36000061035156,46.91,47.16,48.0,47.02,47.62
MTW,1,0,0,3.0,0.4,10,0.0,0.5,60,58.93,58.95000076293945,58.99,58.93,58.28,58.92,58.55
MTW,1,0,0,3.0,0.4,10,0.0,0.5,80,67.14,68.63999938964844,66.53,64.61,66.1,67.5,66.23
MTW,1,0,0,3.0,0.4,10,0.0,0.5,100,74.16,74.18000030517578,74.0,74.16,73.69,74.0,74.18
MTW,1,0,0,3.0,0.4,10,0.0,0.5,120,77.72,77.58000183105469,77.97,77.72,76.45,78.14,77.6
MTW,1,0,0,3.0,0.4,10,0.0,0.5,140,82.36,82.1500015258789,82.32,82.36,81.5,82.28,82.28
MTW,1,0,0,3.0,0.4,10,0.0,0.5,160,87.01,86.12999725341797,86.13,87.01,84.89,86.88,86.73
MTW,1,0,0,3.0,0.4,10,0.0,0.5,180,88.29,88.56999969482422,88.27,88.29,88.03,88.31,88.27
MTW,1,0,0,3.0,0.4,10,0.0,0.5,200,89.18,89.47000122070312,89.43,89.18,89.04,89.24,89.15
MTW,1,0,0,3.0,1.0,10,0.0,0.5,0,0.0,0.699999988079071,0.92,0.0,2.82,1.51,0.0
MTW,1,0,0,3.0,1.0,10,0.0,0.5,20,50.62,49.70000076293945,49.27,50.62,47.0,49.51,45.37
MTW,1,0,0,3.0,1.0,10,0.0,0.5,40,61.2,62.18999862670898,61.17,56.65,60.48,61.53,53.65
MTW,1,0,0,3.0,1.0,10,0.0,0.5,60,68.22,67.06999969482422,67.39,68.22,64.59,68.33,61.1
MTW,1,0,0,3.0,1.0,10,0.0,0.5,80,73.56,73.29000091552734,73.45,73.56,71.97,73.57,69.8
MTW,1,0,0,3.0,1.0,10,0.0,0.5,100,78.31,78.12000274658203,78.05,78.31,77.79,78.48,75.38
MTW,1,0,0,3.0,1.0,10,0.0,0.5,120,80.38,80.06999969482422,80.02,80.38,79.61,80.13,79.04
MTW,1,0,0,3.0,1.0,10,0.0,0.5,140,82.26,82.8499984741211,82.77,82.26,83.56,82.43,82.05
MTW,1,0,0,3.0,1.0,10,0.0,0.5,160,83.05,83.76000213623047,83.89,83.05,83.79,83.0,84.32
MTW,1,0,0,3.0,1.0,10,0.0,0.5,180,83.85,82.12000274658203,84.73,85.41,85.48,68.67,86.14
MTW,1,0,0,3.0,1.0,10,0.0,0.5,200,85.23,82.16999816894531,85.48,86.45,86.95,69.37,86.76
MTW,1,0,0,3.0,0.4,10,0.0,0.5,0,0.0,-0.7900000214576721,-0.75,0.0,-0.56,-0.71,0.0
MTW,1,0,0,3.0,0.4,10,0.0,0.5,20,27.68,29.11000061035156,29.39,27.68,32.36,28.15,29.09
MTW,1,0,0,3.0,0.4,10,0.0,0.5,40,47.16,47.36000061035156,46.91,47.16,48.0,47.02,47.62
MTW,1,0,0,3.0,0.4,10,0.0,0.5,60,58.93,58.95000076293945,58.99,58.93,58.28,58.92,58.55
MTW,1,0,0,3.0,0.4,10,0.0,0.5,80,67.14,68.63999938964844,66.53,64.61,66.1,67.5,66.23
MTW,1,0,0,3.0,0.4,10,0.0,0.5,100,74.16,74.18000030517578,74.0,74.16,73.69,74.0,74.18
MTW,1,0,0,3.0,0.4,10,0.0,0.5,120,77.72,77.58000183105469,77.97,77.72,76.45,78.14,77.6
MTW,1,0,0,3.0,0.4,10,0.0,0.5,140,82.36,82.1500015258789,82.32,82.36,81.5,82.28,82.28
MTW,1,0,0,3.0,0.4,10,0.0,0.5,160,87.01,86.12999725341797,86.13,87.01,84.89,86.88,86.73
MTW,1,0,0,3.0,0.4,10,0.0,0.5,180,88.29,88.56999969482422,88.27,88.29,88.03,88.31,88.27
MTW,1,0,0,3.0,0.4,10,0.0,0.5,200,89.18,89.47000122070312,89.43,89.18,89.04,89.24,89.15
MTW,1,0,0,3.0,0.4,10,0.0,1.0,0,0.0,6.820000171661377,6.66,0.0,3.56,-0.74,0.0
MTW,1,0,0,3.0,0.4,10,0.0,1.0,20,45.26,44.52000045776367,44.98,45.26,43.32,45.35,42.39
MTW,1,0,0,3.0,0.4,10,0.0,1.0,40,62.77,63.310001373291016,63.21,62.77,62.35,62.77,60.95
MTW,1,0,0,3.0,0.4,10,0.0,1.0,60,75.66,74.62999725341797,75.31,75.66,75.95,75.62,71.22
MTW,1,0,0,3.0,0.4,10,0.0,1.0,80,83.53,83.56999969482422,82.51,76.48,81.69,82.87,77.35
MTW,1,0,0,3.0,0.4,10,0.0,1.0,100,88.55,88.12000274658203,88.82,88.55,87.14,88.56,86.3
MTW,1,0,0,3.0,0.4,10,0.0,1.0,120,92.39,92.30999755859376,91.25,92.39,91.63,92.47,91.46
MTW,1,0,0,3.0,0.4,10,0.0,1.0,140,92.98,92.66999816894533,93.38,92.98,93.51,92.82,92.64
MTW,1,0,0,3.0,0.4,10,0.0,1.0,160,95.04,95.0,95.36,95.04,94.79,95.25,94.35
MTW,1,0,0,3.0,0.4,10,0.0,1.0,180,95.04,94.69000244140624,95.34,95.04,95.15,94.95,94.72
MTW,1,0,0,3.0,0.4,10,0.0,1.0,200,95.04,94.20999908447266,94.84,94.99,95.27,95.1,94.41
MTW,1,0,0,3.0,0.4,10,0.0,20.0,0,0.0,0.699999988079071,0.82,0.0,0.54,0.73,0.0
MTW,1,0,0,3.0,0.4,10,0.0,20.0,20,94.16,93.6500015258789,93.36,94.16,93.0,93.4,92.53
MTW,1,0,0,3.0,0.4,10,0.0,20.0,40,97.99,97.87999725341795,98.13,97.99,97.69,98.29,97.48
MTW,1,0,0,3.0,0.4,10,0.0,20.0,60,98.01,98.23999786376952,97.92,98.01,98.2,98.12,97.78
MTW,1,0,0,3.0,0.4,10,0.0,20.0,80,98.01,97.69000244140624,97.78,98.01,98.26,97.9,97.95
MTW,1,0,0,3.0,0.4,10,0.0,20.0,100,98.01,98.1500015258789,98.38,98.01,98.29,98.12,97.91
MTW,1,0,0,3.0,0.4,10,0.0,20.0,120,98.01,98.0999984741211,98.22,98.01,98.53,97.84,98.01
MTW,1,0,0,3.0,0.4,10,0.0,20.0,140,98.01,97.79000091552734,97.68,98.01,97.61,98.1,98.01
MTW,1,0,0,3.0,0.4,10,0.0,20.0,160,98.01,98.91000366210938,97.59,97.71,98.0,98.23,98.01
MTW,1,0,0,3.0,0.4,10,0.0,20.0,180,98.01,98.0999984741211,98.08,98.01,98.16,98.04,98.01
MTW,1,0,0,3.0,0.4,10,0.0,20.0,200,98.01,97.66999816894533,97.51,98.01,97.82,97.82,98.01
MTW,1,0,0,3.0,0.4,10,0.0,70.0,0,0.0,-0.2800000011920929,-0.59,0.0,-0.01,-0.59,0.0
MTW,1,0,0,3.0,0.4,10,0.0,70.0,20,85.46,86.0199966430664,85.72,85.46,84.93,86.02,86.4
MTW,1,0,0,3.0,0.4,10,0.0,70.0,40,89.96,89.44999694824219,89.91,89.96,90.13,89.67,89.67
MTW,1,0,0,3.0,0.4,10,0.0,70.0,60,89.96,90.16000366210938,90.26,89.96,90.48,89.87,90.24
MTW,1,0,0,3.0,0.4,10,0.0,70.0,80,89.96,89.98999786376953,90.0,89.96,91.12,90.05,90.02
MTW,1,0,0,3.0,0.4,10,0.0,70.0,100,89.96,89.13999938964844,90.57,90.74,90.87,89.75,90.03
MTW,1,0,0,3.0,0.4,10,0.0,70.0,120,89.96,90.2300033569336,90.45,90.2,91.35,89.44,89.98
MTW,1,0,0,3.0,0.4,10,0.0,70.0,140,89.96,89.91000366210938,90.06,89.96,90.83,90.02,90.01
MTW,1,0,0,3.0,0.4,10,0.0,70.0,160,89.96,90.33000183105467,89.87,89.96,90.79,89.92,90.03
MTW,1,0,0,3.0,0.4,10,0.0,70.0,180,89.96,90.54000091552734,90.5,89.96,91.24,90.52,90.05
MTW,1,0,0,3.0,0.4,10,0.0,70.0,200,89.96,90.02999877929688,90.16,89.96,90.27,90.07,90.05
MTW,1,0,0,3.0,0.4,5,0.0,0.5,0,0.0,2.7300000190734863,5.07,0.0,4.23,4.23,0.0
MTW,1,0,0,3.0,0.4,5,0.0,0.5,20,43.78,43.060001373291016,43.01,43.78,42.5,43.5,40.42
MTW,1,0,0,3.0,0.4,5,0.0,0.5,40,59.25,59.310001373291016,59.31,59.25,58.26,59.38,56.28
MTW,1,0,0,3.0,0.4,5,0.0,0.5,60,71.63,71.61000061035156,71.22,71.63,70.52,71.67,68.3
MTW,1,0,0,3.0,0.4,5,0.0,0.5,80,77.97,78.23999786376953,78.37,77.97,76.99,78.03,76.22
MTW,1,0,0,3.0,0.4,5,0.0,0.5,100,82.61,82.5199966430664,83.0,82.61,83.62,82.76,81.14
MTW,1,0,0,3.0,0.4,5,0.0,0.5,120,86.33,85.79000091552734,85.89,86.33,86.21,86.05,83.92
MTW,1,0,0,3.0,0.4,5,0.0,0.5,140,89.27,89.16000366210938,89.44,89.27,90.42,89.2,87.97
MTW,1,0,0,3.0,0.4,5,0.0,0.5,160,92.05,92.38999938964844,92.45,92.05,92.11,92.38,91.1
MTW,1,0,0,3.0,0.4,5,0.0,0.5,180,93.6,93.27999877929688,93.38,93.6,93.9,93.35,92.8
MTW,1,0,0,3.0,0.4,5,0.0,0.5,200,93.6,93.41000366210938,93.18,93.85,94.87,94.1,92.88
MTW,1,0,0,3.0,0.4,10,0.0,0.5,0,0.0,-0.7900000214576721,-0.75,0.0,-0.56,-0.71,0.0
MTW,1,0,0,3.0,0.4,10,0.0,0.5,20,27.68,29.11000061035156,29.39,27.68,32.36,28.15,29.09
MTW,1,0,0,3.0,0.4,10,0.0,0.5,40,47.16,47.36000061035156,46.91,47.16,48.0,47.02,47.62
MTW,1,0,0,3.0,0.4,10,0.0,0.5,60,58.93,58.95000076293945,58.99,58.93,58.28,58.92,58.55
MTW,1,0,0,3.0,0.4,10,0.0,0.5,80,67.14,68.63999938964844,66.53,64.61,66.1,67.5,66.23
MTW,1,0,0,3.0,0.4,10,0.0,0.5,100,74.16,74.18000030517578,74.0,74.16,73.69,74.0,74.18
MTW,1,0,0,3.0,0.4,10,0.0,0.5,120,77.72,77.58000183105469,77.97,77.72,76.45,78.14,77.6
MTW,1,0,0,3.0,0.4,10,0.0,0.5,140,82.36,82.1500015258789,82.32,82.36,81.5,82.28,82.28
MTW,1,0,0,3.0,0.4,10,0.0,0.5,160,87.01,86.12999725341797,86.13,87.01,84.89,86.88,86.73
MTW,1,0,0,3.0,0.4,10,0.0,0.5,180,88.29,88.56999969482422,88.27,88.29,88.03,88.31,88.27
MTW,1,0,0,3.0,0.4,10,0.0,0.5,200,89.18,89.47000122070312,89.43,89.18,89.04,89.24,89.15
MTW,1,0,0,3.0,0.4,15,0.0,0.5,0,0.0,-0.25,-0.25,0.0,-1.58,-0.24,0.0
MTW,1,0,0,3.0,0.4,15,0.0,0.5,20,9.91,9.420000076293944,9.39,9.91,9.13,10.1,15.3
MTW,1,0,0,3.0,0.4,15,0.0,0.5,40,15.84,16.420000076293945,16.35,15.84,16.37,15.88,23.04
MTW,1,0,0,3.0,0.4,15,0.0,0.5,60,28.31,28.25,28.76,28.31,29.83,28.28,31.53
MTW,1,0,0,3.0,0.4,15,0.0,0.5,80,39.19,42.40999984741211,40.65,51.44,43.65,44.76,47.88
MTW,1,0,0,3.0,0.4,15,0.0,0.5,100,50.13,50.34000015258789,50.06,50.13,49.7,50.36,52.39
MTW,1,0,0,3.0,0.4,15,0.0,0.5,120,57.48,56.93000030517578,57.59,57.48,57.8,57.03,58.2
MTW,1,0,0,3.0,0.4,15,0.0,0.5,140,64.03,64.61000061035156,63.56,64.03,64.88,64.26,66.64
MTW,1,0,0,3.0,0.4,15,0.0,0.5,160,71.15,72.33999633789062,69.44,70.34,72.73,69.71,69.52
MTW,1,0,0,3.0,0.4,15,0.0,0.5,180,75.71,75.44999694824219,75.37,75.71,75.55,75.69,73.61
MTW,1,0,0,3.0,0.4,15,0.0,0.5,200,77.59,77.06999969482422,77.6,77.59,77.82,77.54,76.2
Cu-MTW,1,0,1,2.0,0.2,10,0.0,0.5,0,0.0,0.2399999946355819,0.86,0.0,1.57,1.28,0.0
Cu-MTW,1,0,1,2.0,0.2,10,0.0,0.5,20,24.78,24.229999542236328,24.77,24.78,23.75,24.4,22.74
Cu-MTW,1,0,1,2.0,0.2,10,0.0,0.5,40,32.79,32.36000061035156,32.39,32.79,32.78,32.7,34.33
Cu-MTW,1,0,1,2.0,0.2,10,0.0,0.5,60,43.61,43.31999969482422,43.09,43.61,42.58,43.84,39.84
Cu-MTW,1,0,1,2.0,0.2,10,0.0,0.5,80,50.89,52.2400016784668,51.14,50.89,48.7,50.91,47.32
Cu-MTW,1,0,1,2.0,0.2,10,0.0,0.5,100,60.24,58.59999847412109,59.41,46.71,55.27,59.83,54.37
Cu-MTW,1,0,1,2.0,0.2,10,0.0,0.5,120,66.52,66.36000061035156,66.23,66.52,63.94,66.61,60.71
Cu-MTW,1,0,1,2.0,0.2,10,0.0,0.5,140,70.93,69.4000015258789,70.63,70.93,70.41,70.66,69.23
Cu-MTW,1,0,1,2.0,0.2,10,0.0,0.5,160,75.47,74.97000122070312,74.59,75.47,73.82,75.6,72.56
Cu-MTW,1,0,1,2.0,0.2,10,0.0,0.5,180,77.81,78.1500015258789,78.41,77.81,77.99,77.92,76.99
Cu-MTW,1,0,1,2.0,0.2,10,0.0,0.5,200,80.28,80.05000305175781,80.38,80.28,80.12,79.97,76.78
Cu-MTW,1,0,1,3.0,0.2,10,0.0,0.5,0,0.0,-0.4099999964237213,-0.11,0.0,-2.44,-0.33,0.0
Cu-MTW,1,0,1,3.0,0.2,10,0.0,0.5,20,48.56,37.63999938964844,33.63,35.45,31.71,35.12,34.45
Cu-MTW,1,0,1,3.0,0.2,10,0.0,0.5,40,61.22,40.060001373291016,41.18,35.19,42.35,36.13,40.46
Cu-MTW,1,0,1,3.0,0.2,10,0.0,0.5,60,70.0,57.7400016784668,56.24,57.75,55.94,57.39,58.34
Cu-MTW,1,0,1,3.0,0.2,10,0.0,0.5,80,75.0,64.38999938964844,63.45,63.24,64.2,63.26,64.15
Cu-MTW,1,0,1,3.0,0.2,10,0.0,0.5,100,80.77,69.76000213623047,70.49,70.9,72.16,70.91,71.66
Cu-MTW,1,0,1,3.0,0.2,10,0.0,0.5,120,83.26,75.4000015258789,75.61,75.71,78.18,75.47,75.15
Cu-MTW,1,0,1,3.0,0.2,10,0.0,0.5,140,84.9,76.43000030517578,78.7,73.69,82.64,74.5,78.13
Cu-MTW,1,0,1,3.0,0.2,10,0.0,0.5,160,86.62,83.01000213623047,82.98,82.73,86.36,82.5,83.97
Cu-MTW,1,0,1,3.0,0.2,10,0.0,0.5,180,88.69,86.05000305175781,86.5,87.36,89.0,86.96,87.33
Cu-MTW,1,0,1,3.0,0.2,10,0.0,0.5,200,91.96,89.01000213623047,88.73,86.36,91.24,87.26,87.8
Cu-MTW,1,0,1,5.0,0.2,10,0.0,0.5,0,0.0,0.0299999993294477,-0.19,0.0,0.33,-0.27,0.0
Cu-MTW,1,0,1,5.0,0.2,10,0.0,0.5,20,2.86,2.930000066757202,3.86,2.86,4.53,3.15,3.5
Cu-MTW,1,0,1,5.0,0.2,10,0.0,0.5,40,8.98,8.449999809265137,8.5,8.98,8.52,8.73,10.16
Cu-MTW,1,0,1,5.0,0.2,10,0.0,0.5,60,12.39,19.559999465942383,16.0,16.2,17.18,18.56,16.03
Cu-MTW,1,0,1,5.0,0.2,10,0.0,0.5,80,21.41,23.11000061035156,21.85,21.41,23.29,21.7,20.61
Cu-MTW,1,0,1,5.0,0.2,10,0.0,0.5,100,28.28,27.68000030517578,28.03,26.39,27.41,29.95,25.54
Cu-MTW,1,0,1,5.0,0.2,10,0.0,0.5,120,34.7,35.33000183105469,34.49,34.7,33.55,35.09,33.46
Cu-MTW,1,0,1,5.0,0.2,10,0.0,0.5,140,40.4,39.09000015258789,39.06,40.4,38.66,39.86,37.34
Cu-MTW,1,0,1,5.0,0.2,10,0.0,0.5,160,43.92,42.54999923706055,42.71,42.37,42.69,43.11,38.88
Cu-MTW,1,0,1,5.0,0.2,10,0.0,0.5,180,49.93,49.900001525878906,49.24,49.93,47.24,50.3,46.88
Cu-MTW,1,0,1,5.0,0.2,10,0.0,0.5,200,57.03,55.61000061035156,55.84,57.03,54.07,56.7,53.75
Cu-MTW,1,0,1,9.0,0.2,10,0.0,0.5,0,0.0,1.059999942779541,0.57,0.0,-0.16,0.32,0.0
Cu-MTW,1,0,1,9.0,0.2,10,0.0,0.5,20,5.46,4.53000020980835,3.95,4.79,3.93,2.03,3.97
Cu-MTW,1,0,1,9.0,0.2,10,0.0,0.5,40,10.45,9.039999961853027,9.11,10.45,8.24,10.22,10.03
Cu-MTW,1,0,1,9.0,0.2,10,0.0,0.5,60,14.99,15.68000030517578,15.15,14.99,15.38,15.4,14.39
Cu-MTW,1,0,1,9.0,0.2,10,0.0,0.5,80,20.68,20.479999542236328,20.01,20.68,19.1,20.26,19.04
Cu-MTW,1,0,1,9.0,0.2,10,0.0,0.5,100,22.07,22.489999771118164,22.65,22.07,21.96,22.18,21.63
Cu-MTW,1,0,1,9.0,0.2,10,0.0,0.5,120,25.32,25.440000534057617,25.86,25.32,25.27,25.19,25.17
Cu-MTW,1,0,1,9.0,0.2,10,0.0,0.5,140,29.27,29.64999961853028,29.33,27.35,29.7,29.69,26.89
Cu-MTW,1,0,1,9.0,0.2,10,0.0,0.5,160,31.36,30.75,30.89,31.36,32.53,31.4,30.11
Cu-MTW,1,0,1,9.0,0.2,10,0.0,0.5,180,33.11,33.75,33.65,33.11,33.68,33.26,32.77
Cu-MTW,1,0,1,9.0,0.2,10,0.0,0.5,200,35.2,35.77000045776367,35.97,35.2,36.64,35.18,35.02
Cu-MTW,1,0,1,3.0,0.2,10,0.0,0.5,0,0.0,-0.4099999964237213,-0.11,0.0,-2.44,-0.33,0.0
Cu-MTW,1,0,1,3.0,0.2,10,0.0,0.5,20,22.34,37.63999938964844,33.63,35.45,31.71,35.12,34.45
Cu-MTW,1,0,1,3.0,0.2,10,0.0,0.5,40,35.19,40.060001373291016,41.18,35.19,42.35,36.13,40.46
Cu-MTW,1,0,1,3.0,0.2,10,0.0,0.5,60,45.5,57.7400016784668,56.24,57.75,55.94,57.39,58.34
Cu-MTW,1,0,1,3.0,0.2,10,0.0,0.5,80,51.48,64.38999938964844,63.45,63.24,64.2,63.26,64.15
Cu-MTW,1,0,1,3.0,0.2,10,0.0,0.5,100,61.03,69.76000213623047,70.49,70.9,72.16,70.91,71.66
Cu-MTW,1,0,1,3.0,0.2,10,0.0,0.5,120,68.16,75.4000015258789,75.61,75.71,78.18,75.47,75.15
Cu-MTW,1,0,1,3.0,0.2,10,0.0,0.5,140,73.69,76.43000030517578,78.7,73.69,82.64,74.5,78.13
Cu-MTW,1,0,1,3.0,0.2,10,0.0,0.5,160,82.73,83.01000213623047,82.98,82.73,86.36,82.5,83.97
Cu-MTW,1,0,1,3.0,0.2,10,0.0,0.5,180,86.04,86.05000305175781,86.5,87.36,89.0,86.96,87.33
Cu-MTW,1,0,1,3.0,0.2,10,0.0,0.5,200,86.36,89.01000213623047,88.73,86.36,91.24,87.26,87.8
Cu-MTW,1,0,1,3.0,0.4,10,0.0,0.5,0,0.0,-1.1200000047683716,-1.68,0.0,-2.0,-1.46,0.0
Cu-MTW,1,0,1,3.0,0.4,10,0.0,0.5,20,25.33,27.1299991607666,27.92,25.33,30.52,26.83,28.27
Cu-MTW,1,0,1,3.0,0.4,10,0.0,0.5,40,44.53,44.619998931884766,44.93,44.53,46.77,44.23,45.6
Cu-MTW,1,0,1,3.0,0.4,10,0.0,0.5,60,57.9,57.880001068115234,58.39,57.9,59.59,58.01,58.63
Cu-MTW,1,0,1,3.0,0.4,10,0.0,0.5,80,67.19,67.70999908447266,67.66,67.19,67.61,67.18,66.81
Cu-MTW,1,0,1,3.0,0.4,10,0.0,0.5,100,75.21,75.69000244140625,75.41,75.21,76.43,75.27,75.4
Cu-MTW,1,0,1,3.0,0.4,10,0.0,0.5,120,82.67,82.69000244140625,81.57,82.67,81.03,82.42,81.7
Cu-MTW,1,0,1,3.0,0.4,10,0.0,0.5,140,87.8,87.41999816894531,86.78,87.8,86.33,87.78,87.42
Cu-MTW,1,0,1,3.0,0.4,10,0.0,0.5,160,90.48,90.5999984741211,90.57,90.48,89.44,90.6,90.53
Cu-MTW,1,0,1,3.0,0.4,10,0.0,0.5,180,93.78,93.61000061035156,93.77,93.78,92.54,93.83,93.73
Cu-MTW,1,0,1,3.0,0.4,10,0.0,0.5,200,96.95,96.5199966430664,96.24,96.95,94.99,96.69,96.91
Cu-MTW,1,0,1,3.0,1.0,10,0.0,0.5,0,0.0,1.3200000524520874,1.02,0.0,3.15,1.52,0.0
Cu-MTW,1,0,1,3.0,1.0,10,0.0,0.5,20,48.56,46.720001220703125,47.11,48.56,44.05,47.2,44.07
Cu-MTW,1,0,1,3.0,1.0,10,0.0,0.5,40,60.44,60.31999969482422,59.69,60.44,59.48,60.6,54.22
Cu-MTW,1,0,1,3.0,1.0,10,0.0,0.5,60,70.0,64.5199966430664,64.69,56.82,62.36,68.06,56.19
Cu-MTW,1,0,1,3.0,1.0,10,0.0,0.5,80,75.0,72.51000213623047,71.44,67.04,67.75,75.39,66.35
Cu-MTW,1,0,1,3.0,1.0,10,0.0,0.5,100,80.77,79.55999755859375,80.09,80.77,77.19,80.73,78.93
Cu-MTW,1,0,1,3.0,1.0,10,0.0,0.5,120,83.26,84.04000091552734,83.54,83.26,82.25,83.34,82.93
Cu-MTW,1,0,1,3.0,1.0,10,0.0,0.5,140,84.9,87.41000366210938,87.56,87.83,87.64,85.52,87.39
Cu-MTW,1,0,1,3.0,1.0,10,0.0,0.5,160,86.62,88.69000244140625,88.87,88.94,87.87,89.91,88.83
Cu-MTW,1,0,1,3.0,1.0,10,0.0,0.5,180,88.69,89.43000030517578,90.04,88.69,90.03,88.84,88.95
Cu-MTW,1,0,1,3.0,1.0,10,0.0,0.5,200,91.53,91.8499984741211,91.67,91.53,93.02,91.52,90.43
Cu-MTW,1,0,1,3.0,0.4,10,0.0,0.5,0,0.0,-1.1200000047683716,-1.68,0.0,-2.0,-1.46,0.0
Cu-MTW,1,0,1,3.0,0.4,10,0.0,0.5,20,25.33,27.1299991607666,27.92,25.33,30.52,26.83,28.27
Cu-MTW,1,0,1,3.0,0.4,10,0.0,0.5,40,44.53,44.619998931884766,44.93,44.53,46.77,44.23,45.6
Cu-MTW,1,0,1,3.0,0.4,10,0.0,0.5,60,57.9,57.880001068115234,58.39,57.9,59.59,58.01,58.63
Cu-MTW,1,0,1,3.0,0.4,10,0.0,0.5,80,67.19,67.70999908447266,67.66,67.19,67.61,67.18,66.81
Cu-MTW,1,0,1,3.0,0.4,10,0.0,0.5,100,75.21,75.69000244140625,75.41,75.21,76.43,75.27,75.4
Cu-MTW,1,0,1,3.0,0.4,10,0.0,0.5,120,82.67,82.69000244140625,81.57,82.67,81.03,82.42,81.7
Cu-MTW,1,0,1,3.0,0.4,10,0.0,0.5,140,87.8,87.41999816894531,86.78,87.8,86.33,87.78,87.42
Cu-MTW,1,0,1,3.0,0.4,10,0.0,0.5,160,90.48,90.5999984741211,90.57,90.48,89.44,90.6,90.53
Cu-MTW,1,0,1,3.0,0.4,10,0.0,0.5,180,93.78,93.61000061035156,93.77,93.78,92.54,93.83,93.73
Cu-MTW,1,0,1,3.0,0.4,10,0.0,0.5,200,96.95,96.5199966430664,96.24,96.95,94.99,96.69,96.91
Cu-MTW,1,0,1,3.0,0.4,10,0.0,1.0,0,0.0,3.190000057220459,1.87,0.0,1.08,-3.35,0.0
Cu-MTW,1,0,1,3.0,0.4,10,0.0,1.0,20,40.77,40.40999984741211,40.53,40.77,40.72,40.33,40.39
Cu-MTW,1,0,1,3.0,0.4,10,0.0,1.0,40,58.52,58.90999984741211,58.72,58.52,59.14,58.74,60.06
Cu-MTW,1,0,1,3.0,0.4,10,0.0,1.0,60,68.91,71.01000213623047,72.49,71.86,73.29,74.18,71.85
Cu-MTW,1,0,1,3.0,0.4,10,0.0,1.0,80,83.06,82.08999633789062,81.92,83.06,80.89,83.01,80.52
Cu-MTW,1,0,1,3.0,0.4,10,0.0,1.0,100,88.96,86.63999938964844,86.77,80.2,85.56,86.72,85.93
Cu-MTW,1,0,1,3.0,0.4,10,0.0,1.0,120,92.1,92.04000091552734,90.47,85.34,91.38,93.03,91.08
Cu-MTW,1,0,1,3.0,0.4,10,0.0,1.0,140,95.24,94.80999755859376,93.58,92.3,94.8,97.14,93.49
Cu-MTW,1,0,1,3.0,0.4,10,0.0,1.0,160,97.04,96.73999786376952,96.38,97.04,96.48,96.91,96.28
Cu-MTW,1,0,1,3.0,0.4,10,0.0,1.0,180,97.04,97.27999877929688,97.03,97.04,97.01,96.85,96.88
Cu-MTW,1,0,1,3.0,0.4,10,0.0,1.0,200,97.04,97.31999969482422,97.77,97.04,98.07,97.4,96.95
Cu-MTW,1,0,1,3.0,0.4,10,0.0,20.0,0,0.0,0.3100000023841858,0.29,0.0,0.8,-0.07,0.0
Cu-MTW,1,0,1,3.0,0.4,10,0.0,20.0,20,94.13,93.97000122070312,93.65,94.13,93.8,94.07,94.4
Cu-MTW,1,0,1,3.0,0.4,10,0.0,20.0,40,98.89,98.4499969482422,98.33,98.89,97.44,98.92,98.69
Cu-MTW,1,0,1,3.0,0.4,10,0.0,20.0,60,98.89,98.86000061035156,99.23,98.89,98.44,98.84,98.86
Cu-MTW,1,0,1,3.0,0.4,10,0.0,20.0,80,98.89,99.45999908447266,99.3,98.89,99.75,98.94,98.84
Cu-MTW,1,0,1,3.0,0.4,10,0.0,20.0,100,98.89,98.80999755859376,98.78,98.89,98.53,98.79,98.88
Cu-MTW,1,0,1,3.0,0.4,10,0.0,20.0,120,98.89,98.48999786376952,99.51,98.17,99.54,98.67,98.83
Cu-MTW,1,0,1,3.0,0.4,10,0.0,20.0,140,98.89,99.0199966430664,99.13,98.89,99.41,98.89,98.87
Cu-MTW,1,0,1,3.0,0.4,10,0.0,20.0,160,98.89,98.80999755859376,98.86,98.89,98.97,98.81,98.87
Cu-MTW,1,0,1,3.0,0.4,10,0.0,20.0,180,98.89,98.9499969482422,98.91,98.89,99.25,98.99,98.87
Cu-MTW,1,0,1,3.0,0.4,10,0.0,20.0,200,98.89,99.3000030517578,98.98,98.89,99.47,98.98,98.87
Cu-MTW,1,0,1,3.0,0.4,10,0.0,70.0,0,0.0,0.1500000059604644,0.35,0.0,0.34,0.27,0.0
Cu-MTW,1,0,1,3.0,0.4,10,0.0,70.0,20,90.2,90.11000061035156,90.27,90.2,89.67,90.3,91.24
Cu-MTW,1,0,1,3.0,0.4,10,0.0,70.0,40,95.8,95.33999633789062,94.56,93.98,94.33,95.92,96.28
Cu-MTW,1,0,1,3.0,0.4,10,0.0,70.0,60,96.9,96.51000213623048,96.58,96.9,96.06,96.9,96.69
Cu-MTW,1,0,1,3.0,0.4,10,0.0,70.0,80,96.9,96.69000244140624,97.17,96.39,97.37,97.14,96.77
Cu-MTW,1,0,1,3.0,0.4,10,0.0,70.0,100,96.9,96.87999725341795,96.89,96.9,96.26,96.97,96.92
Cu-MTW,1,0,1,3.0,0.4,10,0.0,70.0,120,96.9,96.26000213623048,97.6,96.23,97.3,96.94,96.87
Cu-MTW,1,0,1,3.0,0.4,10,0.0,70.0,140,96.9,96.93000030517578,97.26,96.9,97.4,96.86,96.9
Cu-MTW,1,0,1,3.0,0.4,10,0.0,70.0,160,96.9,96.83000183105467,96.81,96.9,96.98,97.02,96.9
Cu-MTW,1,0,1,3.0,0.4,10,0.0,70.0,180,96.9,96.8000030517578,96.82,96.9,97.28,96.91,96.9
Cu-MTW,1,0,1,3.0,0.4,10,0.0,70.0,200,96.9,96.41999816894533,96.71,96.9,97.01,96.69,96.9
Cu-MTW,1,0,1,3.0,0.4,5,0.0,0.5,0,0.0,0.25,0.53,0.0,0.43,0.35,0.0
Cu-MTW,1,0,1,3.0,0.4,5,0.0,0.5,20,39.89,38.93000030517578,37.84,40.38,37.68,38.47,37.0
Cu-MTW,1,0,1,3.0,0.4,5,0.0,0.5,40,56.28,55.54999923706055,55.31,56.28,54.23,56.12,54.59
Cu-MTW,1,0,1,3.0,0.4,5,0.0,0.5,60,68.68,69.44999694824219,68.08,64.4,68.77,70.16,65.73
Cu-MTW,1,0,1,3.0,0.4,5,0.0,0.5,80,77.23,77.05000305175781,76.97,77.23,74.85,77.28,74.82
Cu-MTW,1,0,1,3.0,0.4,5,0.0,0.5,100,81.5,81.08000183105469,81.24,81.5,82.12,81.32,80.25
Cu-MTW,1,0,1,3.0,0.4,5,0.0,0.5,120,84.85,85.4000015258789,85.19,84.85,86.42,85.06,84.01
Cu-MTW,1,0,1,3.0,0.4,5,0.0,0.5,140,89.88,88.05999755859375,89.28,88.46,90.07,89.24,88.38
Cu-MTW,1,0,1,3.0,0.4,5,0.0,0.5,160,91.56,91.81999969482422,92.27,91.56,92.95,91.4,91.76
Cu-MTW,1,0,1,3.0,0.4,5,0.0,0.5,180,94.91,95.16000366210938,95.16,94.91,95.37,95.07,94.93
Cu-MTW,1,0,1,3.0,0.4,5,0.0,0.5,200,98.26,98.01000213623048,97.75,98.26,98.32,98.27,97.67
Cu-MTW,1,0,1,3.0,0.4,10,0.0,0.5,0,0.0,-1.1200000047683716,-1.68,0.0,-2.0,-1.46,0.0
Cu-MTW,1,0,1,3.0,0.4,10,0.0,0.5,20,25.33,27.1299991607666,27.92,25.33,30.52,26.83,28.27
Cu-MTW,1,0,1,3.0,0.4,10,0.0,0.5,40,44.53,44.619998931884766,44.93,44.53,46.77,44.23,45.6
Cu-MTW,1,0,1,3.0,0.4,10,0.0,0.5,60,57.9,57.880001068115234,58.39,57.9,59.59,58.01,58.63
Cu-MTW,1,0,1,3.0,0.4,10,0.0,0.5,80,67.19,67.70999908447266,67.66,67.19,67.61,67.18,66.81
Cu-MTW,1,0,1,3.0,0.4,10,0.0,0.5,100,75.21,75.69000244140625,75.41,75.21,76.43,75.27,75.4
Cu-MTW,1,0,1,3.0,0.4,10,0.0,0.5,120,82.67,82.69000244140625,81.57,82.67,81.03,82.42,81.7
Cu-MTW,1,0,1,3.0,0.4,10,0.0,0.5,140,87.8,87.41999816894531,86.78,87.8,86.33,87.78,87.42
Cu-MTW,1,0,1,3.0,0.4,10,0.0,0.5,160,90.48,90.5999984741211,90.57,90.48,89.44,90.6,90.53
Cu-MTW,1,0,1,3.0,0.4,10,0.0,0.5,180,93.78,93.61000061035156,93.77,93.78,92.54,93.83,93.73
Cu-MTW,1,0,1,3.0,0.4,10,0.0,0.5,200,96.95,96.5199966430664,96.24,96.95,94.99,96.69,96.91
Cu-MTW,1,0,1,3.0,0.4,15,0.0,0.5,0,0.0,0.7699999809265137,0.81,0.0,0.97,0.94,0.0
Cu-MTW,1,0,1,3.0,0.4,15,0.0,0.5,20,25.35,23.86000061035156,24.45,25.35,22.22,24.41,23.65
Cu-MTW,1,0,1,3.0,0.4,15,0.0,0.5,40,38.88,37.08000183105469,34.03,24.73,30.83,32.94,30.32
Cu-MTW,1,0,1,3.0,0.4,15,0.0,0.5,60,51.12,47.4900016784668,46.58,39.68,45.4,46.77,40.23
Cu-MTW,1,0,1,3.0,0.4,15,0.0,0.5,80,58.3,58.06999969482422,58.01,58.3,57.06,58.3,53.9
Cu-MTW,1,0,1,3.0,0.4,15,0.0,0.5,100,65.76,65.45999908447266,65.39,59.97,63.9,64.64,61.56
Cu-MTW,1,0,1,3.0,0.4,15,0.0,0.5,120,71.91,71.66000366210938,71.37,71.91,71.24,72.09,69.99
Cu-MTW,1,0,1,3.0,0.4,15,0.0,0.5,140,76.11,76.02999877929688,76.73,76.11,75.16,75.96,75.67
Cu-MTW,1,0,1,3.0,0.4,15,0.0,0.5,160,79.99,80.38999938964844,80.28,79.99,80.61,80.03,78.31
Cu-MTW,1,0,1,3.0,0.4,15,0.0,0.5,180,83.26,83.27999877929688,83.23,82.95,82.78,81.62,79.18
Cu-MTW,1,0,1,3.0,0.4,15,0.0,0.5,200,84.95,85.04000091552734,85.16,84.95,85.54,85.13,82.71
MFS,0,1,0,2.0,0.2,10,0.0,0.5,0,0.0,-0.4399999976158142,-0.44,0.0,-0.72,-0.58,0.0
MFS,0,1,0,2.0,0.2,10,0.0,0.5,20,11.29,13.06999969482422,12.11,20.01,15.29,13.53,22.91
MFS,0,1,0,2.0,0.2,10,0.0,0.5,40,19.27,22.43000030517578,20.62,28.46,22.52,23.09,28.28
MFS,0,1,0,2.0,0.2,10,0.0,0.5,60,24.72,25.0,25.36,24.72,25.7,24.65,28.35
MFS,0,1,0,2.0,0.2,10,0.0,0.5,80,30.56,30.93000030517578,30.71,30.56,31.51,30.6,36.9
MFS,0,1,0,2.0,0.2,10,0.0,0.5,100,34.99,35.22999954223633,34.95,34.99,36.5,34.93,38.86
MFS,0,1,0,2.0,0.2,10,0.0,0.5,120,40.67,41.04999923706055,40.68,40.67,40.95,40.66,43.59
MFS,0,1,0,2.0,0.2,10,0.0,0.5,140,44.31,50.34000015258789,46.57,57.87,50.2,50.78,53.08
MFS,0,1,0,2.0,0.2,10,0.0,0.5,160,48.49,49.72999954223633,49.14,48.49,50.14,48.4,54.57
MFS,0,1,0,2.0,0.2,10,0.0,0.5,180,53.86,55.54999923706055,53.51,58.36,57.15,52.63,61.74
MFS,0,1,0,2.0,0.2,10,0.0,0.5,200,56.23,56.27000045776367,56.37,56.23,58.16,56.39,61.5
MFS,0,1,0,3.0,0.2,10,0.0,0.5,0,0.0,0.0599999986588954,-0.26,0.0,-0.11,0.02,0.0
MFS,0,1,0,3.0,0.2,10,0.0,0.5,20,31.38,32.209999084472656,32.59,31.38,33.82,31.82,31.61
MFS,0,1,0,3.0,0.2,10,0.0,0.5,40,44.04,43.84000015258789,43.44,44.04,43.9,43.85,44.04
MFS,0,1,0,3.0,0.2,10,0.0,0.5,60,53.15,52.36000061035156,53.02,53.15,52.83,53.19,53.19
MFS,0,1,0,3.0,0.2,10,0.0,0.5,80,59.13,58.560001373291016,59.08,59.13,57.94,59.15,59.13
MFS,0,1,0,3.0,0.2,10,0.0,0.5,100,63.9,63.68999862670898,64.31,63.9,64.2,64.08,64.59
MFS,0,1,0,3.0,0.2,10,0.0,0.5,120,69.1,68.58000183105469,68.52,69.1,67.32,69.07,68.99
MFS,0,1,0,3.0,0.2,10,0.0,0.5,140,73.0,72.62999725341797,72.44,73.0,71.86,72.83,73.01
MFS,0,1,0,3.0,0.2,10,0.0,0.5,160,75.26,75.45999908447266,75.79,75.26,74.94,75.5,75.3
MFS,0,1,0,3.0,0.2,10,0.0,0.5,180,79.94,79.37999725341797,79.44,79.94,78.54,79.84,79.82
MFS,0,1,0,3.0,0.2,10,0.0,0.5,200,82.63,82.08000183105469,82.13,82.63,81.0,82.62,82.51
MFS,0,1,0,5.0,0.2,10,0.0,0.5,0,0.0,-0.3300000131130218,-0.23,0.0,-0.38,-0.05,0.0
MFS,0,1,0,5.0,0.2,10,0.0,0.5,20,3.64,3.259999990463257,3.5,3.64,3.86,3.36,3.84
MFS,0,1,0,5.0,0.2,10,0.0,0.5,40,7.89,7.75,7.9,7.89,7.93,8.09,8.41
MFS,0,1,0,5.0,0.2,10,0.0,0.5,60,11.65,11.800000190734863,10.81,10.93,10.85,12.06,11.85
MFS,0,1,0,5.0,0.2,10,0.0,0.5,80,14.44,14.050000190734863,13.9,14.44,12.19,14.22,15.03
MFS,0,1,0,5.0,0.2,10,0.0,0.5,100,18.09,18.57999992370605,18.57,18.09,16.67,18.11,18.5
MFS,0,1,0,5.0,0.2,10,0.0,0.5,120,20.15,20.459999084472656,20.53,20.15,21.59,19.97,21.49
MFS,0,1,0,5.0,0.2,10,0.0,0.5,140,22.58,22.950000762939453,23.51,22.58,23.21,22.86,23.77
MFS,0,1,0,5.0,0.2,10,0.0,0.5,160,25.98,26.43000030517578,26.65,26.29,26.2,23.97,26.09
MFS,0,1,0,5.0,0.2,10,0.0,0.5,180,29.5,31.280000686645508,31.31,29.5,31.48,29.81,29.99
MFS,0,1,0,5.0,0.2,10,0.0,0.5,200,37.99,37.470001220703125,37.73,37.99,38.1,37.65,35.84
MFS,0,1,0,9.0,0.2,10,0.0,0.5,0,0.0,0.050000000745058,0.37,0.0,-0.52,0.46,0.0
MFS,0,1,0,9.0,0.2,10,0.0,0.5,20,4.7,4.010000228881836,3.39,4.7,3.82,4.5,4.28
MFS,0,1,0,9.0,0.2,10,0.0,0.5,40,6.98,7.369999885559082,7.45,6.98,8.06,7.09,7.53
MFS,0,1,0,9.0,0.2,10,0.0,0.5,60,8.32,9.0600004196167,9.06,8.32,9.81,8.22,9.66
MFS,0,1,0,9.0,0.2,10,0.0,0.5,80,11.28,11.729999542236328,11.74,11.28,11.22,11.45,12.44
MFS,0,1,0,9.0,0.2,10,0.0,0.5,100,15.44,15.229999542236328,14.79,15.44,14.92,15.26,15.93
MFS,0,1,0,9.0,0.2,10,0.0,0.5,120,15.98,16.389999389648438,16.41,15.98,17.61,16.16,16.87
MFS,0,1,0,9.0,0.2,10,0.0,0.5,140,18.53,18.63999938964844,19.45,18.27,18.27,18.76,18.36
MFS,0,1,0,9.0,0.2,10,0.0,0.5,160,19.87,20.13999938964844,20.03,19.87,20.4,19.84,20.6
MFS,0,1,0,9.0,0.2,10,0.0,0.5,180,24.03,23.06999969482422,23.2,24.03,23.38,23.54,23.94
MFS,0,1,0,9.0,0.2,10,0.0,0.5,200,25.91,26.229999542236328,26.17,25.91,27.12,26.31,26.63
MFS,0,1,0,3.0,0.2,10,0.0,0.5,0,0.0,0.0599999986588954,-0.26,0.0,-0.11,0.02,0.0
MFS,0,1,0,3.0,0.2,10,0.0,0.5,20,31.38,32.209999084472656,32.59,31.38,33.82,31.82,31.61
MFS,0,1,0,3.0,0.2,10,0.0,0.5,40,44.04,43.84000015258789,43.44,44.04,43.9,43.85,44.04
MFS,0,1,0,3.0,0.2,10,0.0,0.5,60,53.15,52.36000061035156,53.02,53.15,52.83,53.19,53.19
MFS,0,1,0,3.0,0.2,10,0.0,0.5,80,59.13,58.560001373291016,59.08,59.13,57.94,59.15,59.13
MFS,0,1,0,3.0,0.2,10,0.0,0.5,100,63.9,63.68999862670898,64.31,63.9,64.2,64.08,64.59
MFS,0,1,0,3.0,0.2,10,0.0,0.5,120,69.1,68.58000183105469,68.52,69.1,67.32,69.07,68.99
MFS,0,1,0,3.0,0.2,10,0.0,0.5,140,73.0,72.62999725341797,72.44,73.0,71.86,72.83,73.01
MFS,0,1,0,3.0,0.2,10,0.0,0.5,160,75.26,75.45999908447266,75.79,75.26,74.94,75.5,75.3
MFS,0,1,0,3.0,0.2,10,0.0,0.5,180,79.94,79.37999725341797,79.44,79.94,78.54,79.84,79.82
MFS,0,1,0,3.0,0.2,10,0.0,0.5,200,82.63,82.08000183105469,82.13,82.63,81.0,82.62,82.51
MFS,0,1,0,3.0,0.4,10,0.0,0.5,0,0.0,2.75,2.43,0.0,1.17,2.6,0.0
MFS,0,1,0,3.0,0.4,10,0.0,0.5,20,40.24,36.77999877929688,35.34,40.24,33.95,38.2,36.84
MFS,0,1,0,3.0,0.4,10,0.0,0.5,40,50.72,48.54999923706055,49.79,50.72,47.21,51.27,48.65
MFS,0,1,0,3.0,0.4,10,0.0,0.5,60,54.18,53.91999816894531,53.48,54.18,53.58,54.17,54.75
MFS,0,1,0,3.0,0.4,10,0.0,0.5,80,56.16,56.36000061035156,55.7,56.16,57.72,56.07,57.81
MFS,0,1,0,3.0,0.4,10,0.0,0.5,100,59.03,59.970001220703125,60.48,60.17,63.3,57.92,61.65
MFS,0,1,0,3.0,0.4,10,0.0,0.5,120,61.7,62.7599983215332,63.69,61.7,66.26,61.66,64.65
MFS,0,1,0,3.0,0.4,10,0.0,0.5,140,67.83,68.3499984741211,67.98,67.83,70.94,67.93,69.48
MFS,0,1,0,3.0,0.4,10,0.0,0.5,160,70.79,70.48999786376953,71.38,70.79,74.12,70.61,71.2
MFS,0,1,0,3.0,0.4,10,0.0,0.5,180,74.16,75.0999984741211,74.58,74.16,77.35,74.17,74.36
MFS,0,1,0,3.0,0.4,10,0.0,0.5,200,75.94,77.02999877929688,76.73,75.94,79.74,76.05,76.0
MFS,0,1,0,3.0,1.0,10,0.0,0.5,0,0.0,-1.3300000429153442,-1.08,0.0,-1.23,-2.35,0.0
MFS,0,1,0,3.0,1.0,10,0.0,0.5,20,37.18,38.27000045776367,38.99,37.18,38.96,38.71,40.51
MFS,0,1,0,3.0,1.0,10,0.0,0.5,40,44.0,50.88999938964844,49.41,57.75,50.14,48.73,54.27
MFS,0,1,0,3.0,1.0,10,0.0,0.5,60,47.86,48.970001220703125,49.17,47.86,49.53,47.74,51.87
MFS,0,1,0,3.0,1.0,10,0.0,0.5,80,50.72,50.75,50.61,50.72,52.27,50.79,54.76
MFS,0,1,0,3.0,1.0,10,0.0,0.5,100,55.27,56.13999938964844,55.79,55.27,57.55,55.24,57.8
MFS,0,1,0,3.0,1.0,10,0.0,0.5,120,59.32,58.75,59.11,59.32,60.56,59.28,61.57
MFS,0,1,0,3.0,1.0,10,0.0,0.5,140,65.55,66.38999938964844,63.92,66.27,66.15,63.17,68.43
MFS,0,1,0,3.0,1.0,10,0.0,0.5,160,68.92,68.43000030517578,68.26,68.92,68.43,68.96,70.11
MFS,0,1,0,3.0,1.0,10,0.0,0.5,180,73.07,72.68000030517578,72.24,73.07,70.89,73.08,73.67
MFS,0,1,0,3.0,1.0,10,0.0,0.5,200,74.65,74.1500015258789,74.45,74.65,73.82,74.64,75.29
MFS,0,1,0,3.0,0.2,10,0.0,0.5,0,0.0,0.0599999986588954,-0.26,0.0,-0.11,0.02,0.0
MFS,0,1,0,3.0,0.2,10,0.0,0.5,20,31.38,32.209999084472656,32.59,31.38,33.82,31.82,31.61
MFS,0,1,0,3.0,0.2,10,0.0,0.5,40,44.04,43.84000015258789,43.44,44.04,43.9,43.85,44.04
MFS,0,1,0,3.0,0.2,10,0.0,0.5,60,53.15,52.36000061035156,53.02,53.15,52.83,53.19,53.19
MFS,0,1,0,3.0,0.2,10,0.0,0.5,80,59.13,58.560001373291016,59.08,59.13,57.94,59.15,59.13
MFS,0,1,0,3.0,0.2,10,0.0,0.5,100,63.9,63.68999862670898,64.31,63.9,64.2,64.08,64.59
MFS,0,1,0,3.0,0.2,10,0.0,0.5,120,69.1,68.58000183105469,68.52,69.1,67.32,69.07,68.99
MFS,0,1,0,3.0,0.2,10,0.0,0.5,140,73.0,72.62999725341797,72.44,73.0,71.86,72.83,73.01
MFS,0,1,0,3.0,0.2,10,0.0,0.5,160,75.26,75.45999908447266,75.79,75.26,74.94,75.5,75.3
MFS,0,1,0,3.0,0.2,10,0.0,0.5,180,79.94,79.37999725341797,79.44,79.94,78.54,79.84,79.82
MFS,0,1,0,3.0,0.2,10,0.0,0.5,200,82.63,82.08000183105469,82.13,82.63,81.0,82.62,82.51
MFS,0,1,0,3.0,0.2,10,0.0,1.0,0,0.0,-0.7799999713897705,0.25,0.0,-2.28,-5.41,0.0
MFS,0,1,0,3.0,0.2,10,0.0,1.0,20,37.19,36.720001220703125,37.96,37.19,36.21,36.98,38.41
MFS,0,1,0,3.0,0.2,10,0.0,1.0,40,50.18,50.54999923706055,50.05,50.18,52.88,50.33,53.71
MFS,0,1,0,3.0,0.2,10,0.0,1.0,60,58.74,59.33000183105469,60.19,73.09,65.48,60.77,66.26
MFS,0,1,0,3.0,0.2,10,0.0,1.0,80,65.43,66.75,66.26,65.43,69.05,65.4,68.91
MFS,0,1,0,3.0,0.2,10,0.0,1.0,100,71.04,71.16999816894531,70.82,71.04,73.54,71.04,73.96
MFS,0,1,0,3.0,0.2,10,0.0,1.0,120,74.68,78.33999633789062,73.9,71.98,78.86,78.95,77.98
MFS,0,1,0,3.0,0.2,10,0.0,1.0,140,78.02,79.23999786376953,77.51,77.51,80.67,79.32,80.51
MFS,0,1,0,3.0,0.2,10,0.0,1.0,160,80.28,81.29000091552734,80.42,80.28,81.57,80.26,81.55
MFS,0,1,0,3.0,0.2,10,0.0,1.0,180,83.33,83.5999984741211,83.21,83.33,83.82,83.54,83.59
MFS,0,1,0,3.0,0.2,10,0.0,1.0,200,86.09,85.76000213623047,85.8,86.09,85.27,85.81,85.51
MFS,0,1,0,3.0,0.2,10,0.0,20.0,0,0.0,-0.5899999737739563,2.32,0.0,0.46,0.96,0.0
MFS,0,1,0,3.0,0.2,10,0.0,20.0,20,89.34,90.13999938964844,89.83,89.34,91.35,89.94,90.36
MFS,0,1,0,3.0,0.2,10,0.0,20.0,40,96.22,96.02999877929688,95.39,96.22,94.22,95.67,95.81
MFS,0,1,0,3.0,0.2,10,0.0,20.0,60,96.22,96.26000213623048,95.67,96.22,96.67,96.14,96.05
MFS,0,1,0,3.0,0.2,10,0.0,20.0,80,96.22,95.97000122070312,96.51,96.22,95.66,96.44,95.92
MFS,0,1,0,3.0,0.2,10,0.0,20.0,100,96.22,95.72000122070312,96.04,96.22,94.52,96.16,95.72
MFS,0,1,0,3.0,0.2,10,0.0,20.0,120,96.22,96.33000183105467,96.58,96.22,96.06,96.36,96.22
MFS,0,1,0,3.0,0.2,10,0.0,20.0,140,96.22,95.94000244140624,96.19,96.22,94.66,96.13,96.22
MFS,0,1,0,3.0,0.2,10,0.0,20.0,160,96.22,95.58999633789062,96.19,96.22,94.87,96.2,96.22
MFS,0,1,0,3.0,0.2,10,0.0,20.0,180,96.22,96.12999725341795,96.81,96.22,95.6,96.32,96.22
MFS,0,1,0,3.0,0.2,10,0.0,20.0,200,96.22,95.16000366210938,97.14,96.22,96.45,96.91,96.22
MFS,0,1,0,3.0,0.2,10,0.0,70.0,0,0.0,-0.4799999892711639,-0.08,0.0,0.51,-0.27,0.0
MFS,0,1,0,3.0,0.2,10,0.0,70.0,20,84.07,84.11000061035156,83.96,84.07,84.29,83.71,85.91
MFS,0,1,0,3.0,0.2,10,0.0,70.0,40,88.87,89.43000030517578,89.66,88.87,88.44,89.37,89.5
MFS,0,1,0,3.0,0.2,10,0.0,70.0,60,91.19,91.45999908447266,91.3,91.19,91.75,91.24,90.97
MFS,0,1,0,3.0,0.2,10,0.0,70.0,80,92.6,92.20999908447266,92.14,92.6,91.33,92.42,91.69
MFS,0,1,0,3.0,0.2,10,0.0,70.0,100,92.6,91.95999908447266,92.06,92.91,90.04,92.15,91.95
MFS,0,1,0,3.0,0.2,10,0.0,70.0,120,92.6,92.75,92.64,92.6,92.98,92.52,92.61
MFS,0,1,0,3.0,0.2,10,0.0,70.0,140,92.6,92.62999725341795,92.35,92.6,91.98,92.71,92.63
MFS,0,1,0,3.0,0.2,10,0.0,70.0,160,92.6,92.58000183105467,92.2,92.6,92.15,92.55,92.63
MFS,0,1,0,3.0,0.2,10,0.0,70.0,180,92.6,93.13999938964844,92.81,92.6,92.75,92.47,92.63
MFS,0,1,0,3.0,0.2,10,0.0,70.0,200,92.6,93.12999725341795,93.0,92.6,93.22,92.75,92.63
MFS,0,1,0,3.0,0.2,5,0.0,0.5,0,0.0,-0.3799999952316284,0.22,0.0,0.84,-0.26,0.0
MFS,0,1,0,3.0,0.2,5,0.0,0.5,20,40.53,40.16999816894531,39.89,40.53,39.83,40.54,39.36
MFS,0,1,0,3.0,0.2,5,0.0,0.5,40,47.96,49.25,49.49,47.96,50.0,48.0,49.49
MFS,0,1,0,3.0,0.2,5,0.0,0.5,60,60.03,60.84000015258789,60.65,60.03,62.63,60.09,61.21
MFS,0,1,0,3.0,0.2,5,0.0,0.5,80,66.83,66.87999725341797,66.71,66.83,67.2,66.76,66.74
MFS,0,1,0,3.0,0.2,5,0.0,0.5,100,72.09,71.68000030517578,72.02,73.85,73.08,71.99,71.85
MFS,0,1,0,3.0,0.2,5,0.0,0.5,120,77.35,77.37999725341797,76.58,77.35,76.05,77.38,75.26
MFS,0,1,0,3.0,0.2,5,0.0,0.5,140,80.29,80.20999908447266,80.18,80.29,79.31,80.48,79.48
MFS,0,1,0,3.0,0.2,5,0.0,0.5,160,83.23,82.8499984741211,82.91,83.23,82.02,82.91,81.74
MFS,0,1,0,3.0,0.2,5,0.0,0.5,180,84.93,85.0999984741211,85.52,84.93,84.79,85.1,83.68
MFS,0,1,0,3.0,0.2,5,0.0,0.5,200,88.65,86.41999816894531,87.11,84.75,87.49,87.56,84.21
MFS,0,1,0,3.0,0.2,10,0.0,0.5,0,0.0,0.0599999986588954,-0.26,0.0,-0.11,0.02,0.0
MFS,0,1,0,3.0,0.2,10,0.0,0.5,20,31.38,32.209999084472656,32.59,31.38,33.82,31.82,31.61
MFS,0,1,0,3.0,0.2,10,0.0,0.5,40,44.04,43.84000015258789,43.44,44.04,43.9,43.85,44.04
MFS,0,1,0,3.0,0.2,10,0.0,0.5,60,53.15,52.36000061035156,53.02,53.15,52.83,53.19,53.19
MFS,0,1,0,3.0,0.2,10,0.0,0.5,80,59.13,58.560001373291016,59.08,59.13,57.94,59.15,59.13
MFS,0,1,0,3.0,0.2,10,0.0,0.5,100,63.9,63.68999862670898,64.31,63.9,64.2,64.08,64.59
MFS,0,1,0,3.0,0.2,10,0.0,0.5,120,69.1,68.58000183105469,68.52,69.1,67.32,69.07,68.99
MFS,0,1,0,3.0,0.2,10,0.0,0.5,140,73.0,72.62999725341797,72.44,73.0,71.86,72.83,73.01
MFS,0,1,0,3.0,0.2,10,0.0,0.5,160,75.26,75.45999908447266,75.79,75.26,74.94,75.5,75.3
MFS,0,1,0,3.0,0.2,10,0.0,0.5,180,79.94,79.37999725341797,79.44,79.94,78.54,79.84,79.82
MFS,0,1,0,3.0,0.2,10,0.0,0.5,200,82.63,82.08000183105469,82.13,82.63,81.0,82.62,82.51
MFS,0,1,0,3.0,0.2,15,0.0,0.5,0,0.0,-0.0599999986588954,-0.15,0.0,-0.04,-0.47,0.0
MFS,0,1,0,3.0,0.2,15,0.0,0.5,20,16.12,16.399999618530273,16.31,16.12,16.31,16.17,19.83
MFS,0,1,0,3.0,0.2,15,0.0,0.5,40,24.38,25.32999992370605,25.61,21.81,25.56,25.09,27.92
MFS,0,1,0,3.0,0.2,15,0.0,0.5,60,34.45,34.25,34.47,34.45,34.88,34.54,35.07
MFS,0,1,0,3.0,0.2,15,0.0,0.5,80,41.9,42.02000045776367,41.09,50.15,43.81,44.63,47.48
MFS,0,1,0,3.0,0.2,15,0.0,0.5,100,47.49,47.47999954223633,46.91,47.49,46.18,47.23,49.83
MFS,0,1,0,3.0,0.2,15,0.0,0.5,120,50.92,51.59000015258789,52.16,50.92,51.88,51.23,53.2
MFS,0,1,0,3.0,0.2,15,0.0,0.5,140,58.6,58.880001068115234,58.03,58.6,57.18,58.57,59.59
MFS,0,1,0,3.0,0.2,15,0.0,0.5,160,62.85,62.09000015258789,62.12,62.85,62.22,62.66,62.81
MFS,0,1,0,3.0,0.2,15,0.0,0.5,180,63.84,64.73999786376953,64.88,63.84,64.69,63.93,65.61
MFS,0,1,0,3.0,0.2,15,0.0,0.5,200,68.03,68.33999633789062,67.87,68.03,68.0,68.1,68.57
Cu-MFS,0,1,1,2.0,0.2,10,0.0,0.5,0,0.0,-0.4600000083446502,-0.71,0.0,-2.55,-1.02,0.0
Cu-MFS,0,1,1,2.0,0.2,10,0.0,0.5,20,16.5,16.559999465942383,16.65,16.5,18.51,17.13,29.31
Cu-MFS,0,1,1,2.0,0.2,10,0.0,0.5,40,24.48,31.170000076293945,26.37,33.91,31.31,29.6,37.3
Cu-MFS,0,1,1,2.0,0.2,10,0.0,0.5,60,30.85,30.940000534057617,31.55,30.85,32.29,30.75,39.17
Cu-MFS,0,1,1,2.0,0.2,10,0.0,0.5,80,38.52,38.04999923706055,38.11,38.52,39.74,38.51,41.38
Cu-MFS,0,1,1,2.0,0.2,10,0.0,0.5,100,41.82,44.20000076293945,46.17,39.01,43.27,45.64,47.02
Cu-MFS,0,1,1,2.0,0.2,10,0.0,0.5,120,48.11,48.40999984741211,48.59,48.11,48.23,48.02,51.59
Cu-MFS,0,1,1,2.0,0.2,10,0.0,0.5,140,53.25,53.79999923706055,53.32,53.25,54.64,53.45,54.96
Cu-MFS,0,1,1,2.0,0.2,10,0.0,0.5,160,58.7,58.220001220703125,58.74,58.7,59.25,58.58,58.68
Cu-MFS,0,1,1,2.0,0.2,10,0.0,0.5,180,62.61,63.04999923706055,63.0,62.61,63.59,62.88,63.49
Cu-MFS,0,1,1,2.0,0.2,10,0.0,0.5,200,67.68,67.58999633789062,66.88,67.68,66.98,67.49,66.78
Cu-MFS,0,1,1,3.0,0.2,10,0.0,0.5,0,0.0,0.3700000047683716,0.61,0.0,1.69,0.54,0.0
Cu-MFS,0,1,1,3.0,0.2,10,0.0,0.5,20,55.59,55.41999816894531,55.71,55.59,54.81,54.97,55.75
Cu-MFS,0,1,1,3.0,0.2,10,0.0,0.5,40,68.92,68.55999755859375,68.31,68.92,67.97,68.97,68.43
Cu-MFS,0,1,1,3.0,0.2,10,0.0,0.5,60,77.95,78.0999984741211,78.14,77.95,76.8,78.08,77.66
Cu-MFS,0,1,1,3.0,0.2,10,0.0,0.5,80,83.69,84.2300033569336,83.6,83.69,82.67,83.69,83.57
Cu-MFS,0,1,1,3.0,0.2,10,0.0,0.5,100,91.36,90.73999786376952,90.54,91.36,89.12,91.16,91.36
Cu-MFS,0,1,1,3.0,0.2,10,0.0,0.5,120,92.04,92.04000091552734,92.11,92.04,90.27,92.49,92.06
Cu-MFS,0,1,1,3.0,0.2,10,0.0,0.5,140,95.24,94.08999633789062,94.83,95.24,92.35,94.94,94.96
Cu-MFS,0,1,1,3.0,0.2,10,0.0,0.5,160,96.51,96.08000183105467,96.02,96.51,93.74,96.45,95.96
Cu-MFS,0,1,1,3.0,0.2,10,0.0,0.5,180,96.85,96.87999725341795,97.03,96.85,95.6,96.9,96.55
Cu-MFS,0,1,1,3.0,0.2,10,0.0,0.5,200,97.26,97.37999725341795,97.83,97.26,96.36,97.41,96.58
Cu-MFS,0,1,1,5.0,0.2,10,0.0,0.5,0,0.0,-0.050000000745058,-0.73,0.0,-0.73,0.44,0.0
Cu-MFS,0,1,1,5.0,0.2,10,0.0,0.5,20,7.63,6.800000190734863,10.52,5.07,10.45,11.34,4.35
Cu-MFS,0,1,1,5.0,0.2,10,0.0,0.5,40,14.1,13.649999618530272,14.34,14.1,13.5,14.01,12.31
Cu-MFS,0,1,1,5.0,0.2,10,0.0,0.5,60,17.08,17.399999618530273,17.49,17.08,18.17,17.09,16.4
Cu-MFS,0,1,1,5.0,0.2,10,0.0,0.5,80,23.16,20.5,21.78,21.37,22.68,21.42,19.28
Cu-MFS,0,1,1,5.0,0.2,10,0.0,0.5,100,27.3,27.100000381469727,27.83,27.3,28.01,27.29,25.15
Cu-MFS,0,1,1,5.0,0.2,10,0.0,0.5,120,31.05,30.979999542236328,31.07,31.05,31.87,30.73,31.29
Cu-MFS,0,1,1,5.0,0.2,10,0.0,0.5,140,34.29,34.400001525878906,34.45,34.29,35.7,34.56,34.36
Cu-MFS,0,1,1,5.0,0.2,10,0.0,0.5,160,36.88,37.38999938964844,37.49,36.88,38.58,36.88,36.33
Cu-MFS,0,1,1,5.0,0.2,10,0.0,0.5,180,42.7,43.34999847412109,42.97,42.7,44.44,42.6,43.74
Cu-MFS,0,1,1,5.0,0.2,10,0.0,0.5,200,49.69,49.36000061035156,49.55,49.69,50.28,49.72,49.75
Cu-MFS,0,1,1,9.0,0.2,10,0.0,0.5,0,0.0,-0.4399999976158142,-0.11,0.0,-0.84,-0.58,0.0
Cu-MFS,0,1,1,9.0,0.2,10,0.0,0.5,20,5.52,5.260000228881836,5.95,5.52,6.52,5.67,4.81
Cu-MFS,0,1,1,9.0,0.2,10,0.0,0.5,40,9.66,10.470000267028809,9.84,9.66,9.63,9.91,10.39
Cu-MFS,0,1,1,9.0,0.2,10,0.0,0.5,60,12.42,12.15999984741211,12.3,12.42,13.52,12.1,13.49
Cu-MFS,0,1,1,9.0,0.2,10,0.0,0.5,80,16.06,15.539999961853027,15.85,16.06,15.68,16.18,16.99
Cu-MFS,0,1,1,9.0,0.2,10,0.0,0.5,100,18.82,19.350000381469727,19.28,18.82,20.19,18.93,20.24
Cu-MFS,0,1,1,9.0,0.2,10,0.0,0.5,120,22.46,22.21999931335449,22.11,22.46,22.85,22.48,23.46
Cu-MFS,0,1,1,9.0,0.2,10,0.0,0.5,140,26.35,26.459999084472656,25.91,26.35,25.96,26.43,26.24
Cu-MFS,0,1,1,9.0,0.2,10,0.0,0.5,160,27.36,28.350000381469727,27.98,30.38,28.51,28.21,29.66
Cu-MFS,0,1,1,9.0,0.2,10,0.0,0.5,180,31.25,30.809999465942383,31.01,31.25,30.88,31.14,31.75
Cu-MFS,0,1,1,9.0,0.2,10,0.0,0.5,200,33.26,33.310001373291016,33.05,33.26,33.63,33.27,33.96
Cu-MFS,0,1,1,3.0,0.2,10,0.0,0.5,0,0.0,0.3700000047683716,0.61,0.0,1.69,0.54,0.0
Cu-MFS,0,1,1,3.0,0.2,10,0.0,0.5,20,55.59,55.41999816894531,55.71,55.59,54.81,54.97,55.75
Cu-MFS,0,1,1,3.0,0.2,10,0.0,0.5,40,68.92,68.55999755859375,68.31,68.92,67.97,68.97,68.43
Cu-MFS,0,1,1,3.0,0.2,10,0.0,0.5,60,77.95,78.0999984741211,78.14,77.95,76.8,78.08,77.66
Cu-MFS,0,1,1,3.0,0.2,10,0.0,0.5,80,83.69,84.2300033569336,83.6,83.69,82.67,83.69,83.57
Cu-MFS,0,1,1,3.0,0.2,10,0.0,0.5,100,91.36,90.73999786376952,90.54,91.36,89.12,91.16,91.36
Cu-MFS,0,1,1,3.0,0.2,10,0.0,0.5,120,92.04,92.04000091552734,92.11,92.04,90.27,92.49,92.06
Cu-MFS,0,1,1,3.0,0.2,10,0.0,0.5,140,95.24,94.08999633789062,94.83,95.24,92.35,94.94,94.96
Cu-MFS,0,1,1,3.0,0.2,10,0.0,0.5,160,96.51,96.08000183105467,96.02,96.51,93.74,96.45,95.96
Cu-MFS,0,1,1,3.0,0.2,10,0.0,0.5,180,96.85,96.87999725341795,97.03,96.85,95.6,96.9,96.55
Cu-MFS,0,1,1,3.0,0.2,10,0.0,0.5,200,97.26,97.37999725341795,97.83,97.26,96.36,97.41,96.58
Cu-MFS,0,1,1,3.0,0.4,10,0.0,0.5,0,0.0,4.449999809265137,2.52,0.0,0.11,6.32,0.0
Cu-MFS,0,1,1,3.0,0.4,10,0.0,0.5,20,55.2,54.040000915527344,53.69,55.2,50.75,54.59,55.34
Cu-MFS,0,1,1,3.0,0.4,10,0.0,0.5,40,65.29,65.6500015258789,65.67,65.29,64.88,65.42,65.58
Cu-MFS,0,1,1,3.0,0.4,10,0.0,0.5,60,70.73,70.33000183105469,69.23,73.96,69.68,67.45,73.13
Cu-MFS,0,1,1,3.0,0.4,10,0.0,0.5,80,74.95,74.58000183105469,74.89,74.95,74.75,74.9,76.95
Cu-MFS,0,1,1,3.0,0.4,10,0.0,0.5,100,78.75,79.20999908447266,79.65,78.75,80.3,78.8,79.24
Cu-MFS,0,1,1,3.0,0.4,10,0.0,0.5,120,81.25,81.0999984741211,80.71,81.25,80.97,81.12,81.51
Cu-MFS,0,1,1,3.0,0.4,10,0.0,0.5,140,83.23,83.80999755859375,83.75,83.23,84.3,83.44,83.87
Cu-MFS,0,1,1,3.0,0.4,10,0.0,0.5,160,84.79,84.9000015258789,85.13,84.79,86.23,84.57,85.16
Cu-MFS,0,1,1,3.0,0.4,10,0.0,0.5,180,86.08,86.41000366210938,86.09,86.08,87.34,86.04,87.13
Cu-MFS,0,1,1,3.0,0.4,10,0.0,0.5,200,86.68,86.87000274658203,87.1,86.68,87.75,87.05,87.95
Cu-MFS,0,1,1,3.0,1.0,10,0.0,0.5,0,0.0,-0.270000010728836,-0.14,0.0,-1.32,-0.55,0.0
Cu-MFS,0,1,1,3.0,1.0,10,0.0,0.5,20,43.64,44.650001525878906,44.36,43.64,46.7,44.42,46.93
Cu-MFS,0,1,1,3.0,1.0,10,0.0,0.5,40,58.65,59.27000045776367,57.36,65.0,63.13,62.52,64.86
Cu-MFS,0,1,1,3.0,1.0,10,0.0,0.5,60,64.09,63.97999954223633,63.99,64.09,64.01,63.96,67.49
Cu-MFS,0,1,1,3.0,1.0,10,0.0,0.5,80,70.81,70.12000274658203,69.8,71.43,70.7,72.0,73.42
Cu-MFS,0,1,1,3.0,1.0,10,0.0,0.5,100,76.16,76.43000030517578,76.26,76.16,77.3,76.12,77.25
Cu-MFS,0,1,1,3.0,1.0,10,0.0,0.5,120,80.3,78.30999755859375,79.82,78.75,78.82,77.96,80.31
Cu-MFS,0,1,1,3.0,1.0,10,0.0,0.5,140,82.37,82.6500015258789,83.3,81.99,83.12,79.47,83.24
Cu-MFS,0,1,1,3.0,1.0,10,0.0,0.5,160,83.41,83.36000061035156,83.48,83.41,83.35,83.54,83.92
Cu-MFS,0,1,1,3.0,1.0,10,0.0,0.5,180,84.87,84.27999877929688,84.03,84.87,84.25,84.67,85.15
Cu-MFS,0,1,1,3.0,1.0,10,0.0,0.5,200,85.39,85.36000061035156,85.61,85.39,85.14,85.27,85.84
Cu-MFS,0,1,1,3.0,0.2,10,0.0,0.5,0,0.0,0.3700000047683716,0.61,0.0,1.69,0.54,0.0
Cu-MFS,0,1,1,3.0,0.2,10,0.0,0.5,20,55.59,55.41999816894531,55.71,55.59,54.81,54.97,55.75
Cu-MFS,0,1,1,3.0,0.2,10,0.0,0.5,40,68.92,68.55999755859375,68.31,68.92,67.97,68.97,68.43
Cu-MFS,0,1,1,3.0,0.2,10,0.0,0.5,60,77.95,78.0999984741211,78.14,77.95,76.8,78.08,77.66
Cu-MFS,0,1,1,3.0,0.2,10,0.0,0.5,80,83.69,84.2300033569336,83.6,83.69,82.67,83.69,83.57
Cu-MFS,0,1,1,3.0,0.2,10,0.0,0.5,100,91.36,90.73999786376952,90.54,91.36,89.12,91.16,91.36
Cu-MFS,0,1,1,3.0,0.2,10,0.0,0.5,120,92.04,92.04000091552734,92.11,92.04,90.27,92.49,92.06
Cu-MFS,0,1,1,3.0,0.2,10,0.0,0.5,140,95.24,94.08999633789062,94.83,95.24,92.35,94.94,94.96
Cu-MFS,0,1,1,3.0,0.2,10,0.0,0.5,160,96.51,96.08000183105467,96.02,96.51,93.74,96.45,95.96
Cu-MFS,0,1,1,3.0,0.2,10,0.0,0.5,180,96.85,96.87999725341795,97.03,96.85,95.6,96.9,96.55
Cu-MFS,0,1,1,3.0,0.2,10,0.0,0.5,200,97.26,97.37999725341795,97.83,97.26,96.36,97.41,96.58
Cu-MFS,0,1,1,3.0,0.2,10,0.0,1.0,0,0.0,-0.1400000005960464,-0.32,0.0,0.57,-0.61,0.0
Cu-MFS,0,1,1,3.0,0.2,10,0.0,1.0,20,59.42,59.630001068115234,59.62,59.42,57.99,60.33,57.79
Cu-MFS,0,1,1,3.0,0.2,10,0.0,1.0,40,73.5,73.43000030517578,72.68,73.5,72.99,73.1,70.34
Cu-MFS,0,1,1,3.0,0.2,10,0.0,1.0,60,81.27,81.08999633789062,81.39,81.27,81.65,81.17,80.13
Cu-MFS,0,1,1,3.0,0.2,10,0.0,1.0,80,86.86,87.0,87.09,86.86,86.25,87.02,84.97
Cu-MFS,0,1,1,3.0,0.2,10,0.0,1.0,100,90.58,91.29000091552734,91.59,90.58,91.45,90.57,89.84
Cu-MFS,0,1,1,3.0,0.2,10,0.0,1.0,120,93.43,93.54000091552734,93.24,93.43,94.66,93.42,92.99
Cu-MFS,0,1,1,3.0,0.2,10,0.0,1.0,140,95.03,94.95999908447266,95.49,95.38,95.44,95.16,94.62
Cu-MFS,0,1,1,3.0,0.2,10,0.0,1.0,160,96.33,96.08000183105467,96.55,96.33,96.68,96.42,96.41
Cu-MFS,0,1,1,3.0,0.2,10,0.0,1.0,180,96.83,96.66999816894533,96.91,96.83,97.08,96.85,96.67
Cu-MFS,0,1,1,3.0,0.2,10,0.0,1.0,200,97.7,97.47000122070312,97.76,97.7,97.65,97.63,97.08
Cu-MFS,0,1,1,3.0,0.2,10,0.0,20.0,0,0.0,-0.3499999940395355,-0.18,0.0,-0.61,-0.31,0.0
Cu-MFS,0,1,1,3.0,0.2,10,0.0,20.0,20,97.86,97.6500015258789,97.61,97.86,99.05,97.54,96.48
Cu-MFS,0,1,1,3.0,0.2,10,0.0,20.0,40,98.37,98.66000366210938,99.19,98.37,99.05,98.88,98.29
Cu-MFS,0,1,1,3.0,0.2,10,0.0,20.0,60,98.37,98.72000122070312,98.61,98.37,99.32,98.45,98.3
Cu-MFS,0,1,1,3.0,0.2,10,0.0,20.0,80,98.37,98.06999969482422,98.32,98.37,98.89,98.28,98.3
Cu-MFS,0,1,1,3.0,0.2,10,0.0,20.0,100,98.37,98.52999877929688,98.3,98.37,99.05,98.39,98.36
Cu-MFS,0,1,1,3.0,0.2,10,0.0,20.0,120,98.37,98.30999755859376,98.63,98.37,98.84,98.21,98.31
Cu-MFS,0,1,1,3.0,0.2,10,0.0,20.0,140,98.37,98.23999786376952,98.12,98.25,98.81,98.09,98.36
Cu-MFS,0,1,1,3.0,0.2,10,0.0,20.0,160,98.37,98.6999969482422,98.09,98.37,99.08,98.43,98.36
Cu-MFS,0,1,1,3.0,0.2,10,0.0,20.0,180,98.37,98.75,98.36,98.37,98.81,98.31,98.36
Cu-MFS,0,1,1,3.0,0.2,10,0.0,20.0,200,98.37,98.36000061035156,98.14,98.37,98.59,98.38,98.36
Cu-MFS,0,1,1,3.0,0.2,10,0.0,70.0,0,0.0,0.1500000059604644,-0.14,0.0,-0.74,0.57,0.0
Cu-MFS,0,1,1,3.0,0.2,10,0.0,70.0,20,96.04,95.58999633789062,95.84,96.04,96.34,95.94,94.25
Cu-MFS,0,1,1,3.0,0.2,10,0.0,70.0,40,97.2,96.93000030517578,97.19,97.2,97.32,96.8,96.9
Cu-MFS,0,1,1,3.0,0.2,10,0.0,70.0,60,97.22,97.41999816894533,97.26,97.22,97.66,97.2,97.09
Cu-MFS,0,1,1,3.0,0.2,10,0.0,70.0,80,97.22,97.06999969482422,97.17,97.22,97.11,97.25,97.19
Cu-MFS,0,1,1,3.0,0.2,10,0.0,70.0,100,97.22,97.12999725341795,97.07,97.22,97.47,97.29,97.22
Cu-MFS,0,1,1,3.0,0.2,10,0.0,70.0,120,97.22,97.1999969482422,97.47,97.22,97.59,97.29,97.19
Cu-MFS,0,1,1,3.0,0.2,10,0.0,70.0,140,97.22,97.54000091552734,97.1,97.22,97.41,97.2,97.22
Cu-MFS,0,1,1,3.0,0.2,10,0.0,70.0,160,97.22,97.62999725341795,96.93,97.35,97.66,97.55,97.22
Cu-MFS,0,1,1,3.0,0.2,10,0.0,70.0,180,97.22,97.08999633789062,97.29,97.22,97.5,97.25,97.22
Cu-MFS,0,1,1,3.0,0.2,10,0.0,70.0,200,97.22,96.83000183105467,96.95,97.22,97.03,97.24,97.22
Cu-MFS,0,1,1,3.0,0.2,5,0.0,0.5,0,0.0,2.25,3.8,0.0,4.39,1.3,0.0
Cu-MFS,0,1,1,3.0,0.2,5,0.0,0.5,20,63.0,62.72999954223633,63.07,63.0,62.42,63.29,61.08
Cu-MFS,0,1,1,3.0,0.2,5,0.0,0.5,40,78.33,74.27999877929688,75.92,69.07,75.41,76.13,70.79
Cu-MFS,0,1,1,3.0,0.2,5,0.0,0.5,60,85.59,85.33000183105469,85.16,85.59,86.27,85.5,83.2
Cu-MFS,0,1,1,3.0,0.2,5,0.0,0.5,80,90.04,90.05999755859375,90.25,90.04,90.59,89.99,88.11
Cu-MFS,0,1,1,3.0,0.2,5,0.0,0.5,100,93.17,93.72000122070312,93.83,93.17,95.14,93.42,93.0
Cu-MFS,0,1,1,3.0,0.2,5,0.0,0.5,120,94.16,94.1999969482422,93.98,94.16,95.17,93.84,93.75
Cu-MFS,0,1,1,3.0,0.2,5,0.0,0.5,140,95.15,95.69000244140624,95.84,95.15,96.39,95.22,95.21
Cu-MFS,0,1,1,3.0,0.2,5,0.0,0.5,160,96.8,96.95999908447266,96.66,96.8,97.63,97.05,96.57
Cu-MFS,0,1,1,3.0,0.2,5,0.0,0.5,180,98.12,97.88999938964844,97.59,98.12,98.35,97.94,97.62
Cu-MFS,0,1,1,3.0,0.2,5,0.0,0.5,200,98.29,98.27999877929688,98.3,98.29,99.01,98.26,98.15
Cu-MFS,0,1,1,3.0,0.2,10,0.0,0.5,0,0.0,0.3700000047683716,0.61,0.0,1.69,0.54,0.0
Cu-MFS,0,1,1,3.0,0.2,10,0.0,0.5,20,55.59,55.41999816894531,55.71,55.59,54.81,54.97,55.75
Cu-MFS,0,1,1,3.0,0.2,10,0.0,0.5,40,68.92,68.55999755859375,68.31,68.92,67.97,68.97,68.43
Cu-MFS,0,1,1,3.0,0.2,10,0.0,0.5,60,77.95,78.0999984741211,78.14,77.95,76.8,78.08,77.66
Cu-MFS,0,1,1,3.0,0.2,10,0.0,0.5,80,83.69,84.2300033569336,83.6,83.69,82.67,83.69,83.57
Cu-MFS,0,1,1,3.0,0.2,10,0.0,0.5,100,91.36,90.73999786376952,90.54,91.36,89.12,91.16,91.36
Cu-MFS,0,1,1,3.0,0.2,10,0.0,0.5,120,92.04,92.04000091552734,92.11,92.04,90.27,92.49,92.06
Cu-MFS,0,1,1,3.0,0.2,10,0.0,0.5,140,95.24,94.08999633789062,94.83,95.24,92.35,94.94,94.96
Cu-MFS,0,1,1,3.0,0.2,10,0.0,0.5,160,96.51,96.08000183105467,96.02,96.51,93.74,96.45,95.96
Cu-MFS,0,1,1,3.0,0.2,10,0.0,0.5,180,96.85,96.87999725341795,97.03,96.85,95.6,96.9,96.55
Cu-MFS,0,1,1,3.0,0.2,10,0.0,0.5,200,97.26,97.37999725341795,97.83,97.26,96.36,97.41,96.58
Cu-MFS,0,1,1,3.0,0.2,15,0.0,0.5,0,0.0,-5.099999904632568,-3.61,0.0,-10.3,-8.03,0.0
Cu-MFS,0,1,1,3.0,0.2,15,0.0,0.5,20,26.25,26.520000457763672,26.57,26.25,28.0,26.93,35.15
Cu-MFS,0,1,1,3.0,0.2,15,0.0,0.5,40,38.72,38.83000183105469,38.45,38.72,39.27,38.46,43.44
Cu-MFS,0,1,1,3.0,0.2,15,0.0,0.5,60,47.54,47.36000061035156,47.16,47.54,46.67,47.51,48.1
Cu-MFS,0,1,1,3.0,0.2,15,0.0,0.5,80,51.24,51.13999938964844,51.44,51.24,52.6,51.15,54.1
Cu-MFS,0,1,1,3.0,0.2,15,0.0,0.5,100,55.34,55.959999084472656,56.64,55.34,56.78,55.82,58.63
Cu-MFS,0,1,1,3.0,0.2,15,0.0,0.5,120,65.93,65.95999908447266,65.51,65.93,67.08,65.28,65.62
Cu-MFS,0,1,1,3.0,0.2,15,0.0,0.5,140,69.75,69.88999938964844,69.66,69.75,70.37,70.08,71.22
Cu-MFS,0,1,1,3.0,0.2,15,0.0,0.5,160,73.9,74.45999908447266,72.57,72.84,73.92,74.41,74.2
Cu-MFS,0,1,1,3.0,0.2,15,0.0,0.5,180,75.15,75.45999908447266,75.46,75.15,75.39,75.29,76.41
Cu-MFS,0,1,1,3.0,0.2,15,0.0,0.5,200,78.23,78.02999877929688,77.67,78.23,78.35,77.89,78.72
